instances,totargs,totedges,density,totlayers,totsccs,totntsccs,avgntsize,maxsccsize,totoddcycles,isbipartite,maxwidth,t_c,nt_c,mx,mx2,mx3,mx4,px
2021/instances/2021/b_10_10_10.tgf,409400,38658108,0.369455,1,1,1,409400,409400,-1,0,1,0,3.89E+192,3.89E+192,3.70E+192,1.92E+96,1.92E+96,1.92E+96
2021/instances/2021/b_10_1_10.tgf,409400,25632162,0.244966,1,1,1,409400,409400,-1,0,1,0,3.96E+192,3.96E+192,3.83E+192,1.96E+96,1.96E+96,1.96E+96
2021/instances/2021/b_10_2_10.tgf,409400,27100593,0.259,1,1,1,409400,409400,-1,0,1,0,3.95E+192,3.95E+192,3.81E+192,1.95E+96,1.95E+96,1.95E+96
2021/instances/2021/b_10_3_10.tgf,409400,28558545,0.272934,1,1,1,409400,409400,-1,0,1,0,3.94E+192,3.94E+192,3.80E+192,1.95E+96,1.95E+96,1.95E+96
2021/instances/2021/b_10_4_10.tgf,409400,30026007,0.286958,1,1,1,409400,409400,-1,0,1,0,3.93E+192,3.93E+192,3.78E+192,1.94E+96,1.94E+96,1.94E+96
2021/instances/2021/b_10_5_10.tgf,409400,31322453,0.299348,1,1,1,409400,409400,-1,0,1,0,3.93E+192,3.93E+192,3.77E+192,1.94E+96,1.94E+96,1.94E+96
2021/instances/2021/b_10_6_10.tgf,409400,32913621,0.314555,1,1,1,409400,409400,-1,0,1,0,3.92E+192,3.92E+192,3.75E+192,1.94E+96,1.94E+96,1.94E+96
2021/instances/2021/b_10_7_10.tgf,409400,34364845,0.328424,1,1,1,409400,409400,-1,0,1,0,3.91E+192,3.91E+192,3.74E+192,1.93E+96,1.93E+96,1.93E+96
2021/instances/2021/b_10_8_10.tgf,409400,35798494,0.342126,1,1,1,409400,409400,-1,0,1,0,3.90E+192,3.90E+192,3.72E+192,1.93E+96,1.93E+96,1.93E+96
2021/instances/2021/b_10_9_10.tgf,409400,37236217,0.355866,1,1,1,409400,409400,-1,0,1,0,3.90E+192,3.90E+192,3.71E+192,1.93E+96,1.93E+96,1.93E+96
2021/instances/2021/b_5_10_10.tgf,12600,953850,0.00600813,1,1,1,12600,12600,547661,0,1,0,4.89E+33,4.89E+33,3.87E+33,6.22E+16,6.22E+16,6.22E+16
2021/instances/2021/b_5_10_6.tgf,12600,948484,0.00597433,1,1,1,12600,12600,578095,0,1,0,4.89E+33,4.89E+33,3.88E+33,6.23E+16,6.23E+16,6.23E+16
2021/instances/2021/b_5_10_7.tgf,12600,940174,0.00592198,1,1,1,12600,12600,640311,0,1,0,4.90E+33,4.90E+33,3.89E+33,6.24E+16,6.24E+16,6.24E+16
2021/instances/2021/b_5_10_8.tgf,12600,952459,0.00599936,1,1,1,12600,12600,578183,0,1,0,4.89E+33,4.89E+33,3.87E+33,6.22E+16,6.22E+16,6.22E+16
2021/instances/2021/b_5_1_10.tgf,12600,765047,0.00481889,1,1,1,12600,12600,505626,0,1,0,5.12E+33,5.12E+33,4.24E+33,6.51E+16,6.51E+16,6.51E+16
2021/instances/2021/b_5_2_10.tgf,12600,785260,0.00494621,1,1,1,12600,12600,536060,0,1,0,5.09E+33,5.09E+33,4.20E+33,6.48E+16,6.48E+16,6.48E+16
2021/instances/2021/b_5_2_7.tgf,12600,785817,0.00494972,1,1,1,12600,12600,465349,0,1,0,5.09E+33,5.09E+33,4.20E+33,6.48E+16,6.48E+16,6.48E+16
2021/instances/2021/b_5_2_8.tgf,12600,785436,0.00494732,1,1,1,12600,12600,518629,0,1,0,5.09E+33,5.09E+33,4.20E+33,6.48E+16,6.48E+16,6.48E+16
2021/instances/2021/b_5_2_9.tgf,12600,785206,0.00494587,1,1,1,12600,12600,472700,0,1,0,5.09E+33,5.09E+33,4.20E+33,6.48E+16,6.48E+16,6.48E+16
2021/instances/2021/b_5_3_10.tgf,12600,804906,0.00506995,1,1,1,12600,12600,476752,0,1,0,5.07E+33,5.07E+33,4.16E+33,6.45E+16,6.45E+16,6.45E+16
2021/instances/2021/b_5_4_10.tgf,12600,827372,0.00521146,1,1,1,12600,12600,498298,0,1,0,5.04E+33,5.04E+33,4.12E+33,6.42E+16,6.42E+16,6.42E+16
2021/instances/2021/b_5_4_6.tgf,12600,825541,0.00519993,1,1,1,12600,12600,498654,0,1,0,5.04E+33,5.04E+33,4.12E+33,6.42E+16,6.42E+16,6.42E+16
2021/instances/2021/b_5_4_7.tgf,12600,824894,0.00519586,1,1,1,12600,12600,547135,0,1,0,5.04E+33,5.04E+33,4.12E+33,6.42E+16,6.42E+16,6.42E+16
2021/instances/2021/b_5_4_8.tgf,12600,825942,0.00520246,1,1,1,12600,12600,558858,0,1,0,5.04E+33,5.04E+33,4.12E+33,6.42E+16,6.42E+16,6.42E+16
2021/instances/2021/b_5_4_9.tgf,12600,829485,0.00522477,1,1,1,12600,12600,562017,0,1,0,5.04E+33,5.04E+33,4.11E+33,6.41E+16,6.41E+16,6.41E+16
2021/instances/2021/b_5_5_10.tgf,12600,847782,0.00534002,1,1,1,12600,12600,461588,0,1,0,5.01E+33,5.01E+33,4.07E+33,6.38E+16,6.38E+16,6.38E+16
2021/instances/2021/b_5_6_10.tgf,12600,867435,0.00546381,1,1,1,12600,12600,593373,0,1,0,4.99E+33,4.99E+33,4.04E+33,6.35E+16,6.35E+16,6.35E+16
2021/instances/2021/b_5_6_6.tgf,12600,869807,0.00547875,1,1,1,12600,12600,493150,0,1,0,4.99E+33,4.99E+33,4.03E+33,6.35E+16,6.35E+16,6.35E+16
2021/instances/2021/b_5_6_7.tgf,12600,868098,0.00546799,1,1,1,12600,12600,514941,0,1,0,4.99E+33,4.99E+33,4.03E+33,6.35E+16,6.35E+16,6.35E+16
2021/instances/2021/b_5_6_8.tgf,12600,862505,0.00543276,1,1,1,12600,12600,485627,0,1,0,5.00E+33,5.00E+33,4.05E+33,6.36E+16,6.36E+16,6.36E+16
2021/instances/2021/b_5_6_9.tgf,12600,864176,0.00544329,1,1,1,12600,12600,489456,0,1,0,4.99E+33,4.99E+33,4.04E+33,6.36E+16,6.36E+16,6.36E+16
2021/instances/2021/b_5_7_10.tgf,12600,884257,0.00556977,1,1,1,12600,12600,541621,0,1,0,4.97E+33,4.97E+33,4.00E+33,6.33E+16,6.33E+16,6.33E+16
2021/instances/2021/b_5_8_10.tgf,12600,904102,0.00569477,1,1,1,12600,12600,608682,0,1,0,4.95E+33,4.95E+33,3.96E+33,6.30E+16,6.30E+16,6.30E+16
2021/instances/2021/b_5_8_6.tgf,12600,909060,0.005726,1,1,1,12600,12600,602183,0,1,0,4.94E+33,4.94E+33,3.95E+33,6.29E+16,6.29E+16,6.29E+16
2021/instances/2021/b_5_8_7.tgf,12600,901134,0.00567608,1,1,1,12600,12600,483883,0,1,0,4.95E+33,4.95E+33,3.97E+33,6.30E+16,6.30E+16,6.30E+16
2021/instances/2021/b_5_8_8.tgf,12600,906461,0.00570963,1,1,1,12600,12600,605095,0,1,0,4.94E+33,4.94E+33,3.96E+33,6.29E+16,6.29E+16,6.29E+16
2021/instances/2021/b_5_8_9.tgf,12600,907740,0.00571769,1,1,1,12600,12600,514815,0,1,0,4.94E+33,4.94E+33,3.96E+33,6.29E+16,6.29E+16,6.29E+16
2021/instances/2021/b_5_9_10.tgf,12600,922947,0.00581347,1,1,1,12600,12600,615371,0,1,0,4.92E+33,4.92E+33,3.93E+33,6.27E+16,6.27E+16,6.27E+16
2021/instances/2021/b_6_10_10.tgf,25400,1995744,0.00309341,1,1,1,25400,25400,1071675,0,1,0,7.98E+47,7.98E+47,6.73E+47,8.20E+23,8.20E+23,8.20E+23
2021/instances/2021/b_6_10_6.tgf,25400,2000390,0.00310061,1,1,1,25400,25400,1152415,0,1,0,7.98E+47,7.98E+47,6.72E+47,8.20E+23,8.20E+23,8.20E+23
2021/instances/2021/b_6_10_7.tgf,25400,2000227,0.00310036,1,1,1,25400,25400,1108325,0,1,0,7.98E+47,7.98E+47,6.72E+47,8.20E+23,8.20E+23,8.20E+23
2021/instances/2021/b_6_10_8.tgf,25400,2013103,0.00312032,1,1,1,25400,25400,1368822,0,1,0,7.97E+47,7.97E+47,6.71E+47,8.19E+23,8.19E+23,8.19E+23
2021/instances/2021/b_6_10_9.tgf,25400,2008686,0.00311347,1,1,1,25400,25400,1138002,0,1,0,7.97E+47,7.97E+47,6.71E+47,8.19E+23,8.19E+23,8.19E+23
2021/instances/2021/b_6_1_10.tgf,25400,1550942,0.00240396,1,1,1,25400,25400,1070997,0,1,0,8.29E+47,8.29E+47,7.26E+47,8.52E+23,8.52E+23,8.52E+23
2021/instances/2021/b_6_2_10.tgf,25400,1598795,0.00247814,1,1,1,25400,25400,1115931,0,1,0,8.26E+47,8.26E+47,7.20E+47,8.49E+23,8.49E+23,8.49E+23
2021/instances/2021/b_6_2_6.tgf,25400,1599439,0.00247914,1,1,1,25400,25400,1087354,0,1,0,8.26E+47,8.26E+47,7.20E+47,8.49E+23,8.49E+23,8.49E+23
2021/instances/2021/b_6_2_7.tgf,25400,1601784,0.00248277,1,1,1,25400,25400,968285,0,1,0,8.25E+47,8.25E+47,7.20E+47,8.48E+23,8.48E+23,8.48E+23
2021/instances/2021/b_6_2_8.tgf,25400,1601630,0.00248253,1,1,1,25400,25400,984903,0,1,0,8.25E+47,8.25E+47,7.20E+47,8.48E+23,8.48E+23,8.48E+23
2021/instances/2021/b_6_2_9.tgf,25400,1601686,0.00248262,1,1,1,25400,25400,964466,0,1,0,8.25E+47,8.25E+47,7.20E+47,8.48E+23,8.48E+23,8.48E+23
2021/instances/2021/b_6_3_10.tgf,25400,1652091,0.00256075,1,1,1,25400,25400,934264,0,1,0,8.22E+47,8.22E+47,7.14E+47,8.45E+23,8.45E+23,8.45E+23
2021/instances/2021/b_6_4_10.tgf,25400,1703518,0.00264046,1,1,1,25400,25400,941568,0,1,0,8.18E+47,8.18E+47,7.07E+47,8.41E+23,8.41E+23,8.41E+23
2021/instances/2021/b_6_4_6.tgf,25400,1704931,0.00264265,1,1,1,25400,25400,1141896,0,1,0,8.18E+47,8.18E+47,7.07E+47,8.41E+23,8.41E+23,8.41E+23
2021/instances/2021/b_6_4_7.tgf,25400,1701126,0.00263675,1,1,1,25400,25400,1152828,0,1,0,8.18E+47,8.18E+47,7.08E+47,8.41E+23,8.41E+23,8.41E+23
2021/instances/2021/b_6_4_8.tgf,25400,1701456,0.00263726,1,1,1,25400,25400,955666,0,1,0,8.18E+47,8.18E+47,7.08E+47,8.41E+23,8.41E+23,8.41E+23
2021/instances/2021/b_6_4_9.tgf,25400,1702324,0.00263861,1,1,1,25400,25400,1027061,0,1,0,8.18E+47,8.18E+47,7.07E+47,8.41E+23,8.41E+23,8.41E+23
2021/instances/2021/b_6_5_10.tgf,25400,1755565,0.00272113,1,1,1,25400,25400,952610,0,1,0,8.15E+47,8.15E+47,7.01E+47,8.37E+23,8.37E+23,8.37E+23
2021/instances/2021/b_6_6_10.tgf,25400,1803904,0.00279606,1,1,1,25400,25400,1000337,0,1,0,8.11E+47,8.11E+47,6.95E+47,8.34E+23,8.34E+23,8.34E+23
2021/instances/2021/b_6_6_6.tgf,25400,1810333,0.00280602,1,1,1,25400,25400,1015604,0,1,0,8.11E+47,8.11E+47,6.94E+47,8.33E+23,8.33E+23,8.33E+23
2021/instances/2021/b_6_6_7.tgf,25400,1792073,0.00277772,1,1,1,25400,25400,1199201,0,1,0,8.12E+47,8.12E+47,6.97E+47,8.35E+23,8.35E+23,8.35E+23
2021/instances/2021/b_6_6_8.tgf,25400,1803753,0.00279582,1,1,1,25400,25400,1244264,0,1,0,8.11E+47,8.11E+47,6.95E+47,8.34E+23,8.34E+23,8.34E+23
2021/instances/2021/b_6_6_9.tgf,25400,1805682,0.00279881,1,1,1,25400,25400,1220596,0,1,0,8.11E+47,8.11E+47,6.95E+47,8.34E+23,8.34E+23,8.34E+23
2021/instances/2021/b_6_7_10.tgf,25400,1853697,0.00287324,1,1,1,25400,25400,993850,0,1,0,8.08E+47,8.08E+47,6.89E+47,8.30E+23,8.30E+23,8.30E+23
2021/instances/2021/b_6_8_10.tgf,25400,1907715,0.00295696,1,1,1,25400,25400,1279147,0,1,0,8.04E+47,8.04E+47,6.83E+47,8.26E+23,8.26E+23,8.26E+23
2021/instances/2021/b_6_8_6.tgf,25400,1899433,0.00294413,1,1,1,25400,25400,1152681,0,1,0,8.05E+47,8.05E+47,6.84E+47,8.27E+23,8.27E+23,8.27E+23
2021/instances/2021/b_6_8_7.tgf,25400,1900402,0.00294563,1,1,1,25400,25400,989890,0,1,0,8.05E+47,8.05E+47,6.84E+47,8.27E+23,8.27E+23,8.27E+23
2021/instances/2021/b_6_8_8.tgf,25400,1905890,0.00295414,1,1,1,25400,25400,1312241,0,1,0,8.04E+47,8.04E+47,6.83E+47,8.27E+23,8.27E+23,8.27E+23
2021/instances/2021/b_6_8_9.tgf,25400,1902760,0.00294928,1,1,1,25400,25400,1090308,0,1,0,8.04E+47,8.04E+47,6.84E+47,8.27E+23,8.27E+23,8.27E+23
2021/instances/2021/b_6_9_10.tgf,25400,1952576,0.0030265,1,1,1,25400,25400,1327676,0,1,0,8.01E+47,8.01E+47,6.78E+47,8.23E+23,8.23E+23,8.23E+23
2021/instances/2021/b_7_10_10.tgf,51000,4213078,0.00161979,1,1,1,51000,51000,-1,0,1,0,8.45E+67,8.45E+67,7.45E+67,8.63E+33,8.63E+33,8.63E+33
2021/instances/2021/b_7_10_6.tgf,51000,4210328,0.00161873,1,1,1,51000,51000,-1,0,1,0,8.45E+67,8.45E+67,7.45E+67,8.63E+33,8.63E+33,8.63E+33
2021/instances/2021/b_7_10_7.tgf,51000,4215261,0.00162063,1,1,1,51000,51000,-1,0,1,0,8.45E+67,8.45E+67,7.45E+67,8.63E+33,8.63E+33,8.63E+33
2021/instances/2021/b_7_10_8.tgf,51000,4226936,0.00162512,1,1,1,51000,51000,-1,0,1,0,8.45E+67,8.45E+67,7.44E+67,8.63E+33,8.63E+33,8.63E+33
2021/instances/2021/b_7_10_9.tgf,51000,4205435,0.00161685,1,1,1,51000,51000,-1,0,1,0,8.46E+67,8.46E+67,7.45E+67,8.63E+33,8.63E+33,8.63E+33
2021/instances/2021/b_7_1_10.tgf,51000,3132477,0.00120434,1,1,1,51000,51000,-1,0,1,0,8.73E+67,8.73E+67,7.95E+67,8.92E+33,8.92E+33,8.92E+33
2021/instances/2021/b_7_2_10.tgf,51000,3254214,0.00125114,1,1,1,51000,51000,-1,0,1,0,8.70E+67,8.70E+67,7.89E+67,8.88E+33,8.88E+33,8.88E+33
2021/instances/2021/b_7_2_6.tgf,51000,3252939,0.00125065,1,1,1,51000,51000,-1,0,1,0,8.70E+67,8.70E+67,7.89E+67,8.88E+33,8.88E+33,8.88E+33
2021/instances/2021/b_7_2_7.tgf,51000,3256310,0.00125195,1,1,1,51000,51000,-1,0,1,0,8.70E+67,8.70E+67,7.89E+67,8.88E+33,8.88E+33,8.88E+33
2021/instances/2021/b_7_2_8.tgf,51000,3255344,0.00125157,1,1,1,51000,51000,-1,0,1,0,8.70E+67,8.70E+67,7.89E+67,8.88E+33,8.88E+33,8.88E+33
2021/instances/2021/b_7_2_9.tgf,51000,3256313,0.00125195,1,1,1,51000,51000,-1,0,1,0,8.70E+67,8.70E+67,7.89E+67,8.88E+33,8.88E+33,8.88E+33
2021/instances/2021/b_7_3_10.tgf,51000,3370981,0.00129603,1,1,1,51000,51000,-1,0,1,0,8.67E+67,8.67E+67,7.83E+67,8.85E+33,8.85E+33,8.85E+33
2021/instances/2021/b_7_4_10.tgf,51000,3498608,0.0013451,1,1,1,51000,51000,-1,0,1,0,8.64E+67,8.64E+67,7.78E+67,8.82E+33,8.82E+33,8.82E+33
2021/instances/2021/b_7_4_6.tgf,51000,3498315,0.00134499,1,1,1,51000,51000,-1,0,1,0,8.64E+67,8.64E+67,7.78E+67,8.82E+33,8.82E+33,8.82E+33
2021/instances/2021/b_7_4_7.tgf,51000,3497688,0.00134475,1,1,1,51000,51000,-1,0,1,0,8.64E+67,8.64E+67,7.78E+67,8.82E+33,8.82E+33,8.82E+33
2021/instances/2021/b_7_4_8.tgf,51000,3501846,0.00134635,1,1,1,51000,51000,-1,0,1,0,8.64E+67,8.64E+67,7.77E+67,8.82E+33,8.82E+33,8.82E+33
2021/instances/2021/b_7_4_9.tgf,51000,3492057,0.00134258,1,1,1,51000,51000,-1,0,1,0,8.64E+67,8.64E+67,7.78E+67,8.82E+33,8.82E+33,8.82E+33
2021/instances/2021/b_7_5_10.tgf,51000,3621033,0.00139217,1,1,1,51000,51000,-1,0,1,0,8.61E+67,8.61E+67,7.72E+67,8.79E+33,8.79E+33,8.79E+33
2021/instances/2021/b_7_6_10.tgf,51000,3744536,0.00143965,1,1,1,51000,51000,-1,0,1,0,8.57E+67,8.57E+67,7.66E+67,8.75E+33,8.75E+33,8.75E+33
2021/instances/2021/b_7_6_7.tgf,51000,3734716,0.00143588,1,1,1,51000,51000,-1,0,1,0,8.58E+67,8.58E+67,7.67E+67,8.76E+33,8.76E+33,8.76E+33
2021/instances/2021/b_7_6_8.tgf,51000,3733516,0.00143542,1,1,1,51000,51000,-1,0,1,0,8.58E+67,8.58E+67,7.67E+67,8.76E+33,8.76E+33,8.76E+33
2021/instances/2021/b_7_6_9.tgf,51000,3745087,0.00143986,1,1,1,51000,51000,-1,0,1,0,8.57E+67,8.57E+67,7.66E+67,8.75E+33,8.75E+33,8.75E+33
2021/instances/2021/b_7_7_10.tgf,51000,3856631,0.00148275,1,1,1,51000,51000,-1,0,1,0,8.55E+67,8.55E+67,7.61E+67,8.72E+33,8.72E+33,8.72E+33
2021/instances/2021/b_7_8_10.tgf,51000,3981828,0.00153088,1,1,1,51000,51000,-1,0,1,0,8.51E+67,8.51E+67,7.55E+67,8.69E+33,8.69E+33,8.69E+33
2021/instances/2021/b_7_8_6.tgf,51000,3972935,0.00152746,1,1,1,51000,51000,-1,0,1,0,8.52E+67,8.52E+67,7.56E+67,8.69E+33,8.69E+33,8.69E+33
2021/instances/2021/b_7_8_7.tgf,51000,3973989,0.00152787,1,1,1,51000,51000,-1,0,1,0,8.52E+67,8.52E+67,7.56E+67,8.69E+33,8.69E+33,8.69E+33
2021/instances/2021/b_7_8_8.tgf,51000,3978624,0.00152965,1,1,1,51000,51000,-1,0,1,0,8.51E+67,8.51E+67,7.55E+67,8.69E+33,8.69E+33,8.69E+33
2021/instances/2021/b_7_8_9.tgf,51000,3977758,0.00152932,1,1,1,51000,51000,-1,0,1,0,8.51E+67,8.51E+67,7.55E+67,8.69E+33,8.69E+33,8.69E+33
2021/instances/2021/b_7_9_10.tgf,51000,4105838,0.00157856,1,1,1,51000,51000,-1,0,1,0,8.48E+67,8.48E+67,7.50E+67,8.66E+33,8.66E+33,8.66E+33
2021/instances/2021/b_8_10_10.tgf,102200,8840064,0.00476578,1,1,1,102200,102200,-1,0,1,0,1.57E+96,1.57E+96,1.43E+96,1.19E+48,1.19E+48,1.19E+48
2021/instances/2021/b_8_10_6.tgf,102200,8853289,0.00477291,1,1,1,102200,102200,-1,0,1,0,1.57E+96,1.57E+96,1.43E+96,1.19E+48,1.19E+48,1.19E+48
2021/instances/2021/b_8_10_7.tgf,102200,8834359,0.0047627,1,1,1,102200,102200,-1,0,1,0,1.57E+96,1.57E+96,1.43E+96,1.19E+48,1.19E+48,1.19E+48
2021/instances/2021/b_8_10_8.tgf,102200,8848213,0.00477017,1,1,1,102200,102200,-1,0,1,0,1.57E+96,1.57E+96,1.43E+96,1.19E+48,1.19E+48,1.19E+48
2021/instances/2021/b_8_10_9.tgf,102200,8827138,0.00475881,1,1,1,102200,102200,-1,0,1,0,1.57E+96,1.57E+96,1.43E+96,1.19E+48,1.19E+48,1.19E+48
2021/instances/2021/b_8_1_10.tgf,102200,6318123,0.00340617,1,1,1,102200,102200,-1,0,1,0,1.61E+96,1.61E+96,1.50E+96,1.23E+48,1.23E+48,1.23E+48
2021/instances/2021/b_8_2_10.tgf,102200,6607953,0.00356242,1,1,1,102200,102200,-1,0,1,0,1.60E+96,1.60E+96,1.49E+96,1.22E+48,1.22E+48,1.22E+48
2021/instances/2021/b_8_2_6.tgf,102200,6601697,0.00355905,1,1,1,102200,102200,-1,0,1,0,1.60E+96,1.60E+96,1.50E+96,1.22E+48,1.22E+48,1.22E+48
2021/instances/2021/b_8_2_8.tgf,102200,6604648,0.00356064,1,1,1,102200,102200,-1,0,1,0,1.60E+96,1.60E+96,1.49E+96,1.22E+48,1.22E+48,1.22E+48
2021/instances/2021/b_8_2_9.tgf,102200,6599710,0.00355798,1,1,1,102200,102200,-1,0,1,0,1.60E+96,1.60E+96,1.50E+96,1.22E+48,1.22E+48,1.22E+48
2021/instances/2021/b_8_3_10.tgf,102200,6889324,0.00371411,1,1,1,102200,102200,-1,0,1,0,1.60E+96,1.60E+96,1.49E+96,1.22E+48,1.22E+48,1.22E+48
2021/instances/2021/b_8_4_10.tgf,102200,7166990,0.0038638,1,1,1,102200,102200,-1,0,1,0,1.59E+96,1.59E+96,1.48E+96,1.22E+48,1.22E+48,1.22E+48
2021/instances/2021/b_8_4_6.tgf,102200,7171388,0.00386617,1,1,1,102200,102200,-1,0,1,0,1.59E+96,1.59E+96,1.48E+96,1.22E+48,1.22E+48,1.22E+48
2021/instances/2021/b_8_4_7.tgf,102200,7171140,0.00386604,1,1,1,102200,102200,-1,0,1,0,1.59E+96,1.59E+96,1.48E+96,1.22E+48,1.22E+48,1.22E+48
2021/instances/2021/b_8_4_8.tgf,102200,7166014,0.00386328,1,1,1,102200,102200,-1,0,1,0,1.59E+96,1.59E+96,1.48E+96,1.22E+48,1.22E+48,1.22E+48
2021/instances/2021/b_8_4_9.tgf,102200,7185984,0.00387404,1,1,1,102200,102200,-1,0,1,0,1.59E+96,1.59E+96,1.48E+96,1.22E+48,1.22E+48,1.22E+48
2021/instances/2021/b_8_5_10.tgf,102200,7443234,0.00401273,1,1,1,102200,102200,-1,0,1,0,1.59E+96,1.59E+96,1.47E+96,1.21E+48,1.21E+48,1.21E+48
2021/instances/2021/b_8_6_10.tgf,102200,7707621,0.00415526,1,1,1,102200,102200,-1,0,1,0,1.58E+96,1.58E+96,1.46E+96,1.21E+48,1.21E+48,1.21E+48
2021/instances/2021/b_8_6_6.tgf,102200,7750361,0.00417831,1,1,1,102200,102200,-1,0,1,0,1.58E+96,1.58E+96,1.46E+96,1.21E+48,1.21E+48,1.21E+48
2021/instances/2021/b_8_6_7.tgf,102200,7730445,0.00416757,1,1,1,102200,102200,-1,0,1,0,1.58E+96,1.58E+96,1.46E+96,1.21E+48,1.21E+48,1.21E+48
2021/instances/2021/b_8_6_8.tgf,102200,7729589,0.00416711,1,1,1,102200,102200,-1,0,1,0,1.58E+96,1.58E+96,1.46E+96,1.21E+48,1.21E+48,1.21E+48
2021/instances/2021/b_8_6_9.tgf,102200,7738334,0.00417182,1,1,1,102200,102200,-1,0,1,0,1.58E+96,1.58E+96,1.46E+96,1.21E+48,1.21E+48,1.21E+48
2021/instances/2021/b_8_7_10.tgf,102200,8003516,0.00431478,1,1,1,102200,102200,-1,0,1,0,1.58E+96,1.58E+96,1.45E+96,1.20E+48,1.20E+48,1.20E+48
2021/instances/2021/b_8_8_10.tgf,102200,8291046,0.00446979,1,1,1,102200,102200,-1,0,1,0,1.57E+96,1.57E+96,1.44E+96,1.20E+48,1.20E+48,1.20E+48
2021/instances/2021/b_8_8_6.tgf,102200,8293026,0.00447086,1,1,1,102200,102200,-1,0,1,0,1.57E+96,1.57E+96,1.44E+96,1.20E+48,1.20E+48,1.20E+48
2021/instances/2021/b_8_8_7.tgf,102200,8291133,0.00446984,1,1,1,102200,102200,-1,0,1,0,1.57E+96,1.57E+96,1.44E+96,1.20E+48,1.20E+48,1.20E+48
2021/instances/2021/b_8_8_8.tgf,102200,8284156,0.00446608,1,1,1,102200,102200,-1,0,1,0,1.58E+96,1.58E+96,1.44E+96,1.20E+48,1.20E+48,1.20E+48
2021/instances/2021/b_8_8_9.tgf,102200,8305339,0.0044775,1,1,1,102200,102200,-1,0,1,0,1.57E+96,1.57E+96,1.44E+96,1.20E+48,1.20E+48,1.20E+48
2021/instances/2021/b_8_9_10.tgf,102200,8561570,0.00461564,1,1,1,102200,102200,-1,0,1,0,1.57E+96,1.57E+96,1.43E+96,1.20E+48,1.20E+48,1.20E+48
2021/instances/2021/b_9_10_10.tgf,204600,18489800,0.00576643,1,1,1,204600,204600,-1,0,1,0,1.36E+136,1.36E+136,1.27E+136,1.13E+68,1.13E+68,1.13E+68
2021/instances/2021/b_9_10_6.tgf,204600,18550584,0.00578539,1,1,1,204600,204600,-1,0,1,0,1.36E+136,1.36E+136,1.27E+136,1.13E+68,1.13E+68,1.13E+68
2021/instances/2021/b_9_10_7.tgf,204600,18516715,0.00577483,1,1,1,204600,204600,-1,0,1,0,1.36E+136,1.36E+136,1.27E+136,1.13E+68,1.13E+68,1.13E+68
2021/instances/2021/b_9_10_9.tgf,204600,18470119,0.00576029,1,1,1,204600,204600,-1,0,1,0,1.36E+136,1.36E+136,1.27E+136,1.13E+68,1.13E+68,1.13E+68
2021/instances/2021/b_9_1_10.tgf,204600,12735446,0.00397182,1,1,1,204600,204600,-1,0,1,0,1.39E+136,1.39E+136,1.33E+136,1.15E+68,1.15E+68,1.15E+68
2021/instances/2021/b_9_2_10.tgf,204600,13379112,0.00417256,1,1,1,204600,204600,-1,0,1,0,1.39E+136,1.39E+136,1.32E+136,1.15E+68,1.15E+68,1.15E+68
2021/instances/2021/b_9_2_6.tgf,204600,13381472,0.00417329,1,1,1,204600,204600,-1,0,1,0,1.39E+136,1.39E+136,1.32E+136,1.15E+68,1.15E+68,1.15E+68
2021/instances/2021/b_9_2_7.tgf,204600,13376150,0.00417163,1,1,1,204600,204600,-1,0,1,0,1.39E+136,1.39E+136,1.32E+136,1.15E+68,1.15E+68,1.15E+68
2021/instances/2021/b_9_2_8.tgf,204600,13378039,0.00417222,1,1,1,204600,204600,-1,0,1,0,1.39E+136,1.39E+136,1.32E+136,1.15E+68,1.15E+68,1.15E+68
2021/instances/2021/b_9_2_9.tgf,204600,13387851,0.00417528,1,1,1,204600,204600,-1,0,1,0,1.39E+136,1.39E+136,1.32E+136,1.15E+68,1.15E+68,1.15E+68
2021/instances/2021/b_9_3_10.tgf,204600,14030475,0.0043757,1,1,1,204600,204600,-1,0,1,0,1.38E+136,1.38E+136,1.31E+136,1.15E+68,1.15E+68,1.15E+68
2021/instances/2021/b_9_4_10.tgf,204600,14660835,0.00457229,1,1,1,204600,204600,-1,0,1,0,1.38E+136,1.38E+136,1.31E+136,1.14E+68,1.14E+68,1.14E+68
2021/instances/2021/b_9_4_6.tgf,204600,14683563,0.00457938,1,1,1,204600,204600,-1,0,1,0,1.38E+136,1.38E+136,1.31E+136,1.14E+68,1.14E+68,1.14E+68
2021/instances/2021/b_9_4_7.tgf,204600,14662083,0.00457268,1,1,1,204600,204600,-1,0,1,0,1.38E+136,1.38E+136,1.31E+136,1.14E+68,1.14E+68,1.14E+68
2021/instances/2021/b_9_4_8.tgf,204600,14666029,0.00457391,1,1,1,204600,204600,-1,0,1,0,1.38E+136,1.38E+136,1.31E+136,1.14E+68,1.14E+68,1.14E+68
2021/instances/2021/b_9_4_9.tgf,204600,14670195,0.00457521,1,1,1,204600,204600,-1,0,1,0,1.38E+136,1.38E+136,1.31E+136,1.14E+68,1.14E+68,1.14E+68
2021/instances/2021/b_9_5_10.tgf,204600,15326424,0.00477987,1,1,1,204600,204600,-1,0,1,0,1.38E+136,1.38E+136,1.30E+136,1.14E+68,1.14E+68,1.14E+68
2021/instances/2021/b_9_6_10.tgf,204600,15947700,0.00497362,1,1,1,204600,204600,-1,0,1,0,1.37E+136,1.37E+136,1.29E+136,1.14E+68,1.14E+68,1.14E+68
2021/instances/2021/b_9_6_6.tgf,204600,15933497,0.00496919,1,1,1,204600,204600,-1,0,1,0,1.37E+136,1.37E+136,1.29E+136,1.14E+68,1.14E+68,1.14E+68
2021/instances/2021/b_9_6_7.tgf,204600,15938942,0.00497089,1,1,1,204600,204600,-1,0,1,0,1.37E+136,1.37E+136,1.29E+136,1.14E+68,1.14E+68,1.14E+68
2021/instances/2021/b_9_6_8.tgf,204600,15929032,0.0049678,1,1,1,204600,204600,-1,0,1,0,1.37E+136,1.37E+136,1.30E+136,1.14E+68,1.14E+68,1.14E+68
2021/instances/2021/b_9_6_9.tgf,204600,15983031,0.00498464,1,1,1,204600,204600,-1,0,1,0,1.37E+136,1.37E+136,1.29E+136,1.14E+68,1.14E+68,1.14E+68
2021/instances/2021/b_9_7_10.tgf,204600,16600984,0.00517737,1,1,1,204600,204600,-1,0,1,0,1.37E+136,1.37E+136,1.29E+136,1.14E+68,1.14E+68,1.14E+68
2021/instances/2021/b_9_8_10.tgf,204600,17260290,0.00538298,1,1,1,204600,204600,-1,0,1,0,1.37E+136,1.37E+136,1.28E+136,1.13E+68,1.13E+68,1.13E+68
2021/instances/2021/b_9_8_6.tgf,204600,17238206,0.0053761,1,1,1,204600,204600,-1,0,1,0,1.37E+136,1.37E+136,1.28E+136,1.13E+68,1.13E+68,1.13E+68
2021/instances/2021/b_9_8_7.tgf,204600,17227808,0.00537285,1,1,1,204600,204600,-1,0,1,0,1.37E+136,1.37E+136,1.28E+136,1.13E+68,1.13E+68,1.13E+68
2021/instances/2021/b_9_8_8.tgf,204600,17187622,0.00536032,1,1,1,204600,204600,-1,0,1,0,1.37E+136,1.37E+136,1.28E+136,1.13E+68,1.13E+68,1.13E+68
2021/instances/2021/b_9_8_9.tgf,204600,17225062,0.005372,1,1,1,204600,204600,-1,0,1,0,1.37E+136,1.37E+136,1.28E+136,1.13E+68,1.13E+68,1.13E+68
2021/instances/2021/b_9_9_10.tgf,204600,17899251,0.00558226,1,1,1,204600,204600,-1,0,1,0,1.36E+136,1.36E+136,1.28E+136,1.13E+68,1.13E+68,1.13E+68
2021/instances/2021/be_10_10_10.tgf,358550,36159916,0.00903083,1,1,1,358550,358550,-1,0,1,0,1.69E+180,1.69E+180,1.60E+180,1.26E+90,1.26E+90,1.26E+90
2021/instances/2021/be_10_1_10.tgf,357700,24802843,0.00730518,1,1,1,357700,357700,-1,0,1,0,1.05E+180,1.05E+180,1.01E+180,1.01E+90,1.01E+90,1.01E+90
2021/instances/2021/be_10_2_10.tgf,358450,26094426,0.00663583,1,1,1,358450,358450,-1,0,1,0,1.62E+180,1.62E+180,1.56E+180,1.25E+90,1.25E+90,1.25E+90
2021/instances/2021/be_10_3_10.tgf,358400,27360853,0.00702189,1,1,1,358400,358400,-1,0,1,0,1.57E+180,1.57E+180,1.51E+180,1.23E+90,1.23E+90,1.23E+90
2021/instances/2021/be_10_4_10.tgf,356750,28597742,0.0105274,1,1,1,356750,356750,-1,0,1,0,6.03E+179,6.03E+179,5.76E+179,7.59E+89,7.59E+89,7.59E+89
2021/instances/2021/be_10_5_10.tgf,357500,29851927,0.009179,1,1,1,357500,357500,-1,0,1,0,9.31E+179,9.31E+179,8.87E+179,9.42E+89,9.42E+89,9.42E+89
2021/instances/2021/be_10_6_10.tgf,356950,31112287,0.0108813,1,1,1,356950,356950,-1,0,1,0,6.75E+179,6.75E+179,6.42E+179,8.01E+89,8.01E+89,8.01E+89
2021/instances/2021/be_10_7_10.tgf,359050,32397520,0.477251,1,1,1,359050,359050,-1,0,1,0,2.27E+180,2.27E+180,2.16E+180,1.47E+90,1.47E+90,1.47E+90
2021/instances/2021/be_10_9_10.tgf,357750,34891790,0.0101695,1,1,1,357750,357750,-1,0,1,0,1.07E+180,1.07E+180,1.01E+180,1.00E+90,1.00E+90,1.00E+90
2021/instances/2021/be_5_10_6.tgf,11150,904993,0.0072794,1,1,1,11150,11150,491362,0,1,0,4.69E+31,4.69E+31,3.59E+31,5.99405E+15,5.99405E+15,5.99405E+15
2021/instances/2021/be_5_10_7.tgf,11150,904308,0.00727389,1,1,1,11150,11150,484924,0,1,0,4.69E+31,4.69E+31,3.59E+31,5.99525E+15,5.99525E+15,5.99525E+15
2021/instances/2021/be_5_10_8.tgf,11000,900646,0.00744336,1,1,1,11000,11000,494029,0,1,0,2.85E+31,2.85E+31,2.17E+31,4.66277E+15,4.66277E+15,4.66277E+15
2021/instances/2021/be_5_10_9.tgf,11000,904675,0.00747665,1,1,1,11000,11000,520701,0,1,0,2.84E+31,2.84E+31,2.17E+31,4.65713E+15,4.65713E+15,4.65713E+15
2021/instances/2021/be_5_1_10.tgf,11200,743681,0.00592858,1,1,1,11200,11200,506988,0,1,0,5.80E+31,5.80E+31,4.67E+31,6.83241E+15,6.83241E+15,6.83241E+15
2021/instances/2021/be_5_2_10.tgf,11250,764473,0.00604028,1,1,1,11250,11250,461673,0,1,0,6.80E+31,6.80E+31,5.45E+31,7.38068E+15,7.38068E+15,7.38068E+15
2021/instances/2021/be_5_2_6.tgf,10700,754223,0.00658768,1,1,1,10700,10700,514031,0,1,0,1.09E+31,1.09E+31,8.58E+30,2.92972E+15,2.92972E+15,2.92972E+15
2021/instances/2021/be_5_2_7.tgf,10750,756121,0.00654296,1,1,1,10750,10750,512471,0,1,0,1.29E+31,1.29E+31,1.02E+31,3.18874E+15,3.18874E+15,3.18874E+15
2021/instances/2021/be_5_2_8.tgf,10850,757105,0.00643127,1,1,1,10850,10850,449665,0,1,0,1.80E+31,1.80E+31,1.43E+31,3.77845E+15,3.77845E+15,3.77845E+15
2021/instances/2021/be_5_2_9.tgf,11000,758960,0.0062724,1,1,1,11000,11000,517979,0,1,0,2.97E+31,2.97E+31,2.37E+31,4.86552E+15,4.86552E+15,4.86552E+15
2021/instances/2021/be_5_3_10.tgf,11050,779061,0.00638039,1,1,1,11050,11050,463437,0,1,0,3.49E+31,3.49E+31,2.77E+31,5.26057E+15,5.26057E+15,5.26057E+15
2021/instances/2021/be_5_4_10.tgf,10750,788188,0.00682045,1,1,1,10750,10750,443289,0,1,0,1.27E+31,1.27E+31,9.97E+30,3.15711E+15,3.15711E+15,3.15711E+15
2021/instances/2021/be_5_4_6.tgf,11000,795420,0.00657372,1,1,1,11000,11000,459626,0,1,0,2.94E+31,2.94E+31,2.32E+31,4.81252E+15,4.81252E+15,4.81252E+15
2021/instances/2021/be_5_4_7.tgf,11200,800338,0.00638025,1,1,1,11200,11200,440677,0,1,0,5.70E+31,5.70E+31,4.52E+31,6.72015E+15,6.72015E+15,6.72015E+15
2021/instances/2021/be_5_4_8.tgf,10950,792517,0.00660968,1,1,1,10950,10950,476620,0,1,0,2.49E+31,2.49E+31,1.96E+31,4.42714E+15,4.42714E+15,4.42714E+15
2021/instances/2021/be_5_4_9.tgf,10800,789611,0.00676964,1,1,1,10800,10800,546905,0,1,0,1.51E+31,1.51E+31,1.18E+31,3.43627E+15,3.43627E+15,3.43627E+15
2021/instances/2021/be_5_5_10.tgf,10950,810622,0.00676068,1,1,1,10950,10950,493889,0,1,0,2.48E+31,2.48E+31,1.94E+31,4.40297E+15,4.40297E+15,4.40297E+15
2021/instances/2021/be_5_6_10.tgf,10600,817460,0.00727536,1,1,1,10600,10600,485173,0,1,0,7.59E+30,7.59E+30,5.85E+30,2.4195E+15,2.4195E+15,2.4195E+15
2021/instances/2021/be_5_6_6.tgf,11150,832803,0.00669873,1,1,1,11150,11150,480580,0,1,0,4.79E+31,4.79E+31,3.75E+31,6.12278E+15,6.12278E+15,6.12278E+15
2021/instances/2021/be_5_6_7.tgf,11100,832432,0.0067562,1,1,1,11100,11100,447133,0,1,0,4.06E+31,4.06E+31,3.17E+31,5.6312E+15,5.6312E+15,5.6312E+15
2021/instances/2021/be_5_6_8.tgf,11050,834109,0.00683122,1,1,1,11050,11050,467108,0,1,0,3.43E+31,3.43E+31,2.68E+31,5.17487E+15,5.17487E+15,5.17487E+15
2021/instances/2021/be_5_6_9.tgf,11200,834694,0.00665413,1,1,1,11200,11200,474167,0,1,0,5.65E+31,5.65E+31,4.43E+31,6.65298E+15,6.65298E+15,6.65298E+15
2021/instances/2021/be_5_7_10.tgf,11250,854502,0.00675162,1,1,1,11250,11250,471495,0,1,0,6.62E+31,6.62E+31,5.17E+31,7.19018E+15,7.19018E+15,7.19018E+15
2021/instances/2021/be_5_8_10.tgf,11400,874104,0.00672595,1,1,1,11400,11400,497332,0,1,0,1.08E+32,1.08E+32,8.41E+31,9.17E+15,9.17E+15,9.17E+15
2021/instances/2021/be_5_8_6.tgf,11000,860848,0.00711445,1,1,1,11000,11000,589837,0,1,0,2.88E+31,2.88E+31,2.23E+31,4.71885E+15,4.71885E+15,4.71885E+15
2021/instances/2021/be_5_8_7.tgf,11250,871496,0.00688589,1,1,1,11250,11250,589235,0,1,0,6.59E+31,6.59E+31,5.12E+31,7.15478E+15,7.15478E+15,7.15478E+15
2021/instances/2021/be_5_8_8.tgf,10900,866112,0.00728989,1,1,1,10900,10900,497925,0,1,0,2.06E+31,2.06E+31,1.58E+31,3.97807E+15,3.97807E+15,3.97807E+15
2021/instances/2021/be_5_8_9.tgf,11050,868202,0.00711044,1,1,1,11050,11050,499932,0,1,0,3.40E+31,3.40E+31,2.62E+31,5.1225E+15,5.1225E+15,5.1225E+15
2021/instances/2021/be_5_9_10.tgf,10650,868647,0.00765851,1,1,1,10650,10650,606107,0,1,0,8.85E+30,8.85E+30,6.73E+30,2.59426E+15,2.59426E+15,2.59426E+15
2021/instances/2021/be_6_10_10.tgf,22050,1908457,0.00392523,1,1,1,22050,22050,1064615,0,1,0,4.10E+44,4.10E+44,3.35E+44,1.83E+22,1.83E+22,1.83E+22
2021/instances/2021/be_6_10_6.tgf,21800,1899145,0.00399618,1,1,1,21800,21800,1047233,0,1,0,2.28E+44,2.28E+44,1.86E+44,1.36E+22,1.36E+22,1.36E+22
2021/instances/2021/be_6_10_7.tgf,22450,1904519,0.00377879,1,1,1,22450,22450,1043704,0,1,0,1.04E+45,1.04E+45,8.59E+44,2.93E+22,2.93E+22,2.93E+22
2021/instances/2021/be_6_10_8.tgf,22500,1921588,0.00379573,1,1,1,22500,22500,1032392,0,1,0,1.17E+45,1.17E+45,9.62E+44,3.10E+22,3.10E+22,3.10E+22
2021/instances/2021/be_6_10_9.tgf,22550,1917725,0.00377132,1,1,1,22550,22550,1076794,0,1,0,1.32E+45,1.32E+45,1.08E+45,3.29E+22,3.29E+22,3.29E+22
2021/instances/2021/be_6_1_10.tgf,21650,1496071,0.00319181,1,1,1,21650,21650,1021248,0,1,0,1.67E+44,1.67E+44,1.42E+44,1.19E+22,1.19E+22,1.19E+22
2021/instances/2021/be_6_2_10.tgf,22150,1547692,0.00315455,1,1,1,22150,22150,914255,0,1,0,5.39E+44,5.39E+44,4.58E+44,2.14E+22,2.14E+22,2.14E+22
2021/instances/2021/be_6_2_6.tgf,22400,1549608,0.00308835,1,1,1,22400,22400,947846,0,1,0,9.65E+44,9.65E+44,8.22E+44,2.87E+22,2.87E+22,2.87E+22
2021/instances/2021/be_6_2_7.tgf,22300,1550505,0.00311791,1,1,1,22300,22300,927428,0,1,0,7.64E+44,7.64E+44,6.50E+44,2.55E+22,2.55E+22,2.55E+22
2021/instances/2021/be_6_2_8.tgf,22800,1560919,0.00300269,1,1,1,22800,22800,936498,0,1,0,2.43E+45,2.43E+45,2.08E+45,4.56E+22,4.56E+22,4.56E+22
2021/instances/2021/be_6_3_10.tgf,22600,1602005,0.00313651,1,1,1,22600,22600,1101388,0,1,0,1.53E+45,1.53E+45,1.30E+45,3.60E+22,3.60E+22,3.60E+22
2021/instances/2021/be_6_4_10.tgf,22250,1643626,0.00332004,1,1,1,22250,22250,1100512,0,1,0,6.74E+44,6.74E+44,5.67E+44,2.38E+22,2.38E+22,2.38E+22
2021/instances/2021/be_6_4_6.tgf,22150,1637558,0.00333771,1,1,1,22150,22150,919019,0,1,0,5.33E+44,5.33E+44,4.49E+44,2.12E+22,2.12E+22,2.12E+22
2021/instances/2021/be_6_4_7.tgf,22150,1637660,0.00333792,1,1,1,22150,22150,933704,0,1,0,5.33E+44,5.33E+44,4.49E+44,2.12E+22,2.12E+22,2.12E+22
2021/instances/2021/be_6_4_8.tgf,22750,1649907,0.00318784,1,1,1,22750,22750,1117146,0,1,0,2.15E+45,2.15E+45,1.82E+45,4.27E+22,4.27E+22,4.27E+22
2021/instances/2021/be_6_4_9.tgf,22000,1630912,0.00336965,1,1,1,22000,22000,978738,0,1,0,3.76E+44,3.76E+44,3.16E+44,1.78E+22,1.78E+22,1.78E+22
2021/instances/2021/be_6_5_10.tgf,22050,1674539,0.00344412,1,1,1,22050,22050,991469,0,1,0,4.20E+44,4.20E+44,3.52E+44,1.88E+22,1.88E+22,1.88E+22
2021/instances/2021/be_6_6_10.tgf,22700,1731675,0.00336058,1,1,1,22700,22700,936042,0,1,0,1.90E+45,1.90E+45,1.59E+45,3.99E+22,3.99E+22,3.99E+22
2021/instances/2021/be_6_6_6.tgf,22150,1724116,0.00351414,1,1,1,22150,22150,1019564,0,1,0,5.29E+44,5.29E+44,4.41E+44,2.10E+22,2.10E+22,2.10E+22
2021/instances/2021/be_6_6_7.tgf,22550,1733828,0.00340967,1,1,1,22550,22550,1011720,0,1,0,1.34E+45,1.34E+45,1.12E+45,3.35E+22,3.35E+22,3.35E+22
2021/instances/2021/be_6_6_8.tgf,22350,1732975,0.00346926,1,1,1,22350,22350,942086,0,1,0,8.43E+44,8.43E+44,7.04E+44,2.65E+22,2.65E+22,2.65E+22
2021/instances/2021/be_6_6_9.tgf,22400,1724968,0.00343783,1,1,1,22400,22400,982831,0,1,0,9.47E+44,9.47E+44,7.93E+44,2.82E+22,2.82E+22,2.82E+22
2021/instances/2021/be_6_7_10.tgf,22450,1773458,0.00351875,1,1,1,22450,22450,1073169,0,1,0,1.06E+45,1.06E+45,8.82E+44,2.97E+22,2.97E+22,2.97E+22
2021/instances/2021/be_6_8_10.tgf,21950,1800451,0.00373691,1,1,1,21950,21950,1004958,0,1,0,3.28E+44,3.28E+44,2.71E+44,1.65E+22,1.65E+22,1.65E+22
2021/instances/2021/be_6_8_7.tgf,22350,1817879,0.00363923,1,1,1,22350,22350,999253,0,1,0,8.35E+44,8.35E+44,6.92E+44,2.63E+22,2.63E+22,2.63E+22
2021/instances/2021/be_6_8_9.tgf,22150,1807866,0.00368484,1,1,1,22150,22150,1237659,0,1,0,5.24E+44,5.24E+44,4.33E+44,2.08E+22,2.08E+22,2.08E+22
2021/instances/2021/be_6_9_10.tgf,22100,1855474,0.00379901,1,1,1,22100,22100,1043300,0,1,0,4.64E+44,4.64E+44,3.81E+44,1.95E+22,1.95E+22,1.95E+22
2021/instances/2021/be_7_10_10.tgf,44650,3976330,0.00199453,1,1,1,44650,44650,-1,0,1,0,3.51E+63,3.51E+63,3.04E+63,5.51E+31,5.51E+31,5.51E+31
2021/instances/2021/be_7_10_6.tgf,45400,4013224,0.00194707,1,1,1,45400,45400,-1,0,1,0,1.20E+64,1.20E+64,1.04E+64,1.02E+32,1.02E+32,1.02E+32
2021/instances/2021/be_7_10_7.tgf,44600,3987697,0.00200471,1,1,1,44600,44600,-1,0,1,0,3.24E+63,3.24E+63,2.79E+63,5.29E+31,5.29E+31,5.29E+31
2021/instances/2021/be_7_10_8.tgf,44500,3965655,0.0020026,1,1,1,44500,44500,-1,0,1,0,2.75E+63,2.75E+63,2.37E+63,4.87E+31,4.87E+31,4.87E+31
2021/instances/2021/be_7_1_10.tgf,44950,3042091,0.00150561,1,1,1,44950,44950,-1,0,1,0,5.95E+63,5.95E+63,5.33E+63,7.30E+31,7.30E+31,7.30E+31
2021/instances/2021/be_7_2_10.tgf,44250,3140134,0.00160369,1,1,1,44250,44250,-1,0,1,0,1.87E+63,1.87E+63,1.67E+63,4.08E+31,4.08E+31,4.08E+31
2021/instances/2021/be_7_2_6.tgf,44100,3135579,0.00161228,1,1,1,44100,44100,-1,0,1,0,1.46E+63,1.46E+63,1.30E+63,3.61E+31,3.61E+31,3.61E+31
2021/instances/2021/be_7_2_7.tgf,43950,3131660,0.00162128,1,1,1,43950,43950,-1,0,1,0,1.14E+63,1.14E+63,1.01E+63,3.19E+31,3.19E+31,3.19E+31
2021/instances/2021/be_7_2_8.tgf,44500,3146411,0.0015889,1,1,1,44500,44500,-1,0,1,0,2.83E+63,2.83E+63,2.52E+63,5.02E+31,5.02E+31,5.02E+31
2021/instances/2021/be_7_2_9.tgf,44050,3136221,0.00161627,1,1,1,44050,44050,-1,0,1,0,1.35E+63,1.35E+63,1.20E+63,3.46E+31,3.46E+31,3.46E+31
2021/instances/2021/be_7_3_10.tgf,44850,3252781,0.00161707,1,1,1,44850,44850,-1,0,1,0,5.01E+63,5.01E+63,4.45E+63,6.67E+31,6.67E+31,6.67E+31
2021/instances/2021/be_7_4_10.tgf,44650,3353205,0.00168197,1,1,1,44650,44650,-1,0,1,0,3.60E+63,3.60E+63,3.18E+63,5.64E+31,5.64E+31,5.64E+31
2021/instances/2021/be_7_4_6.tgf,45050,3362236,0.00165668,1,1,1,45050,45050,-1,0,1,0,6.93E+63,6.93E+63,6.13E+63,7.83E+31,7.83E+31,7.83E+31
2021/instances/2021/be_7_4_7.tgf,45100,3364081,0.00165392,1,1,1,45100,45100,-1,0,1,0,7.52E+63,7.52E+63,6.66E+63,8.16E+31,8.16E+31,8.16E+31
2021/instances/2021/be_7_4_8.tgf,44850,3358383,0.00166957,1,1,1,44850,44850,-1,0,1,0,4.99E+63,4.99E+63,4.42E+63,6.65E+31,6.65E+31,6.65E+31
2021/instances/2021/be_7_4_9.tgf,44250,3342587,0.00170709,1,1,1,44250,44250,-1,0,1,0,1.86E+63,1.86E+63,1.64E+63,4.05E+31,4.05E+31,4.05E+31
2021/instances/2021/be_7_5_10.tgf,44400,3456931,0.00175358,1,1,1,44400,44400,-1,0,1,0,2.37E+63,2.37E+63,2.09E+63,4.57E+31,4.57E+31,4.57E+31
2021/instances/2021/be_7_6_6.tgf,44700,3558125,0.00178076,1,1,1,44700,44700,-1,0,1,0,3.87E+63,3.87E+63,3.40E+63,5.83E+31,5.83E+31,5.83E+31
2021/instances/2021/be_7_6_7.tgf,45050,3574038,0.00176104,1,1,1,45050,45050,-1,0,1,0,6.88E+63,6.88E+63,6.04E+63,7.77E+31,7.77E+31,7.77E+31
2021/instances/2021/be_7_6_8.tgf,44400,3557899,0.00180479,1,1,1,44400,44400,-1,0,1,0,2.36E+63,2.36E+63,2.07E+63,4.55E+31,4.55E+31,4.55E+31
2021/instances/2021/be_7_6_9.tgf,44800,3576173,0.00178181,1,1,1,44800,44800,-1,0,1,0,4.56E+63,4.56E+63,4.00E+63,6.33E+31,6.33E+31,6.33E+31
2021/instances/2021/be_7_7_10.tgf,44750,3681968,0.00183863,1,1,1,44750,44750,-1,0,1,0,4.19E+63,4.19E+63,3.66E+63,6.05E+31,6.05E+31,6.05E+31
2021/instances/2021/be_7_8_10.tgf,44150,3759441,0.00192869,1,1,1,44150,44150,-1,0,1,0,1.55E+63,1.55E+63,1.35E+63,3.67E+31,3.67E+31,3.67E+31
2021/instances/2021/be_7_8_6.tgf,44200,3754541,0.00192182,1,1,1,44200,44200,-1,0,1,0,1.69E+63,1.69E+63,1.47E+63,3.83E+31,3.83E+31,3.83E+31
2021/instances/2021/be_7_8_7.tgf,44900,3785034,0.00187749,1,1,1,44900,44900,-1,0,1,0,5.34E+63,5.34E+63,4.65E+63,6.82E+31,6.82E+31,6.82E+31
2021/instances/2021/be_7_8_8.tgf,44500,3776685,0.00190718,1,1,1,44500,44500,-1,0,1,0,2.77E+63,2.77E+63,2.41E+63,4.90E+31,4.90E+31,4.90E+31
2021/instances/2021/be_7_8_9.tgf,44850,3794124,0.0018862,1,1,1,44850,44850,-1,0,1,0,4.91E+63,4.91E+63,4.28E+63,6.54E+31,6.54E+31,6.54E+31
2021/instances/2021/be_7_9_10.tgf,44300,3864165,0.00196901,1,1,1,44300,44300,-1,0,1,0,1.98E+63,1.98E+63,1.72E+63,4.14E+31,4.14E+31,4.14E+31
2021/instances/2021/be_8_10_10.tgf,89350,8313950,0.00225405,1,1,1,89350,89350,-1,0,1,0,8.62E+89,8.62E+89,7.74E+89,8.80E+44,8.80E+44,8.80E+44
2021/instances/2021/be_8_10_6.tgf,89500,8361412,0.00225055,1,1,1,89500,89500,-1,0,1,0,1.03E+90,1.03E+90,9.20E+89,9.59E+44,9.59E+44,9.59E+44
2021/instances/2021/be_8_10_7.tgf,89400,8314650,0.00224879,1,1,1,89400,89400,-1,0,1,0,9.13E+89,9.13E+89,8.20E+89,9.06E+44,9.06E+44,9.06E+44
2021/instances/2021/be_8_10_8.tgf,88800,8247317,0.002297,1,1,1,88800,88800,-1,0,1,0,4.55E+89,4.55E+89,4.08E+89,6.39E+44,6.39E+44,6.39E+44
2021/instances/2021/be_8_10_9.tgf,89600,8319344,0.00222848,1,1,1,89600,89600,-1,0,1,0,1.15E+90,1.15E+90,1.03E+90,1.02E+45,1.02E+45,1.02E+45
2021/instances/2021/be_8_1_10.tgf,89300,6119157,0.00166303,1,1,1,89300,89300,-1,0,1,0,8.37E+89,8.37E+89,7.73E+89,8.79E+44,8.79E+44,8.79E+44
2021/instances/2021/be_8_2_10.tgf,90400,6390888,0.00164833,1,1,1,90400,90400,-1,0,1,0,2.98E+90,2.98E+90,2.75E+90,1.66E+45,1.66E+45,1.66E+45
2021/instances/2021/be_8_2_6.tgf,88650,6357535,0.00178389,1,1,1,88650,88650,-1,0,1,0,3.92E+89,3.92E+89,3.60E+89,6.00E+44,6.00E+44,6.00E+44
2021/instances/2021/be_8_2_7.tgf,88950,6362561,0.00175901,1,1,1,88950,88950,-1,0,1,0,5.55E+89,5.55E+89,5.11E+89,7.15E+44,7.15E+44,7.15E+44
2021/instances/2021/be_8_2_8.tgf,89250,6359756,0.00173262,1,1,1,89250,89250,-1,0,1,0,7.87E+89,7.87E+89,7.25E+89,8.51E+44,8.51E+44,8.51E+44
2021/instances/2021/be_8_2_9.tgf,90250,6386200,0.00165871,1,1,1,90250,90250,-1,0,1,0,2.51E+90,2.51E+90,2.31E+90,1.52E+45,1.52E+45,1.52E+45
2021/instances/2021/be_8_4_10.tgf,89700,6880055,0.00183413,1,1,1,89700,89700,-1,0,1,0,1.32E+90,1.32E+90,1.21E+90,1.10E+45,1.10E+45,1.10E+45
2021/instances/2021/be_8_4_7.tgf,88500,6853656,0.00193755,1,1,1,88500,88500,-1,0,1,0,3.27E+89,3.27E+89,2.98E+89,5.46E+44,5.46E+44,5.46E+44
2021/instances/2021/be_8_4_8.tgf,89450,6864505,0.0018521,1,1,1,89450,89450,-1,0,1,0,9.86E+89,9.86E+89,9.02E+89,9.50E+44,9.50E+44,9.50E+44
2021/instances/2021/be_8_4_9.tgf,88550,6837157,0.00192806,1,1,1,88550,88550,-1,0,1,0,3.46E+89,3.46E+89,3.17E+89,5.63E+44,5.63E+44,5.63E+44
2021/instances/2021/be_8_6_10.tgf,89400,7365339,0.00199204,1,1,1,89400,89400,-1,0,1,0,9.25E+89,9.25E+89,8.40E+89,9.17E+44,9.17E+44,9.17E+44
2021/instances/2021/be_8_6_6.tgf,89950,7381882,0.00194463,1,1,1,89950,89950,-1,0,1,0,1.75E+90,1.75E+90,1.59E+90,1.26E+45,1.26E+45,1.26E+45
2021/instances/2021/be_8_6_7.tgf,89400,7337781,0.00198458,1,1,1,89400,89400,-1,0,1,0,9.25E+89,9.25E+89,8.41E+89,9.17E+44,9.17E+44,9.17E+44
2021/instances/2021/be_8_6_8.tgf,89450,7353027,0.00198391,1,1,1,89450,89450,-1,0,1,0,9.80E+89,9.80E+89,8.91E+89,9.44E+44,9.44E+44,9.44E+44
2021/instances/2021/be_8_6_9.tgf,90100,7360900,0.0019254,1,1,1,90100,90100,-1,0,1,0,2.08E+90,2.08E+90,1.89E+90,1.38E+45,1.38E+45,1.38E+45
2021/instances/2021/be_8_7_10.tgf,89800,7613470,0.00201998,1,1,1,89800,89800,-1,0,1,0,1.47E+90,1.47E+90,1.33E+90,1.15E+45,1.15E+45,1.15E+45
2021/instances/2021/be_8_8_10.tgf,90300,7864157,0.00203781,1,1,1,90300,90300,-1,0,1,0,2.60E+90,2.60E+90,2.36E+90,1.53E+45,1.53E+45,1.53E+45
2021/instances/2021/be_8_8_6.tgf,89950,7853654,0.00206891,1,1,1,89950,89950,-1,0,1,0,1.74E+90,1.74E+90,1.57E+90,1.25E+45,1.25E+45,1.25E+45
2021/instances/2021/be_8_8_7.tgf,89700,7828362,0.00208694,1,1,1,89700,89700,-1,0,1,0,1.30E+90,1.30E+90,1.18E+90,1.08E+45,1.08E+45,1.08E+45
2021/instances/2021/be_8_8_8.tgf,89850,7821941,0.00207036,1,1,1,89850,89850,-1,0,1,0,1.55E+90,1.55E+90,1.40E+90,1.18E+45,1.18E+45,1.18E+45
2021/instances/2021/be_8_8_9.tgf,89450,7802894,0.00210529,1,1,1,89450,89450,-1,0,1,0,9.74E+89,9.74E+89,8.81E+89,9.38E+44,9.38E+44,9.38E+44
2021/instances/2021/be_8_9_10.tgf,88800,8046140,0.00224097,1,1,1,88800,88800,-1,0,1,0,4.56E+89,4.56E+89,4.11E+89,6.41E+44,6.41E+44,6.41E+44
2021/instances/2021/be_9_10_10.tgf,179650,17373105,0.00786344,1,1,1,179650,179650,-1,0,1,0,3.61E+127,3.61E+127,3.34E+127,5.78E+63,5.78E+63,5.78E+63
2021/instances/2021/be_9_10_6.tgf,179250,17361184,0.00840413,1,1,1,179250,179250,-1,0,1,0,2.60E+127,2.60E+127,2.40E+127,4.90E+63,4.90E+63,4.90E+63
2021/instances/2021/be_9_10_7.tgf,180550,17430686,0.00688,1,1,1,180550,180550,-1,0,1,0,7.53E+127,7.53E+127,6.96E+127,8.34E+63,8.34E+63,8.34E+63
2021/instances/2021/be_9_10_9.tgf,179450,17390540,0.00813581,1,1,1,179450,179450,-1,0,1,0,3.07E+127,3.07E+127,2.83E+127,5.32E+63,5.32E+63,5.32E+63
2021/instances/2021/be_9_1_10.tgf,179100,12321731,0.006124,1,1,1,179100,179100,-1,0,1,0,2.36E+127,2.36E+127,2.23E+127,4.72E+63,4.72E+63,4.72E+63
2021/instances/2021/be_9_2_10.tgf,178500,12861424,0.00715526,1,1,1,178500,178500,-1,0,1,0,1.44E+127,1.44E+127,1.35E+127,3.68E+63,3.68E+63,3.68E+63
2021/instances/2021/be_9_2_6.tgf,178500,12889660,0.00717097,1,1,1,178500,178500,-1,0,1,0,1.44E+127,1.44E+127,1.35E+127,3.68E+63,3.68E+63,3.68E+63
2021/instances/2021/be_9_2_7.tgf,178050,12876896,0.007866,1,1,1,178050,178050,-1,0,1,0,9.93E+126,9.93E+126,9.35E+126,3.06E+63,3.06E+63,3.06E+63
2021/instances/2021/be_9_2_8.tgf,179550,12899848,0.00593524,1,1,1,179550,179550,-1,0,1,0,3.40E+127,3.40E+127,3.20E+127,5.66E+63,5.66E+63,5.66E+63
2021/instances/2021/be_9_2_9.tgf,179000,12890604,0.00652283,1,1,1,179000,179000,-1,0,1,0,2.16E+127,2.16E+127,2.04E+127,4.52E+63,4.52E+63,4.52E+63
2021/instances/2021/be_9_3_10.tgf,178000,13401158,0.00827626,1,1,1,178000,178000,-1,0,1,0,9.50E+126,9.50E+126,8.93E+126,2.99E+63,2.99E+63,2.99E+63
2021/instances/2021/be_9_4_10.tgf,179250,14044371,0.00679854,1,1,1,179250,179250,-1,0,1,0,2.64E+127,2.64E+127,2.48E+127,4.98E+63,4.98E+63,4.98E+63
2021/instances/2021/be_9_4_6.tgf,180000,14058326,0.00602011,1,1,1,180000,180000,-1,0,1,0,4.88E+127,4.88E+127,4.58E+127,6.77E+63,6.77E+63,6.77E+63
2021/instances/2021/be_9_4_7.tgf,178500,13994341,0.00778554,1,1,1,178500,178500,-1,0,1,0,1.43E+127,1.43E+127,1.34E+127,3.66E+63,3.66E+63,3.66E+63
2021/instances/2021/be_9_4_8.tgf,179250,14033114,0.00679309,1,1,1,179250,179250,-1,0,1,0,2.64E+127,2.64E+127,2.48E+127,4.98E+63,4.98E+63,4.98E+63
2021/instances/2021/be_9_4_9.tgf,178800,14030100,0.00736616,1,1,1,178800,178800,-1,0,1,0,1.83E+127,1.83E+127,1.71E+127,4.14E+63,4.14E+63,4.14E+63
2021/instances/2021/be_9_5_10.tgf,178500,14560732,0.00810064,1,1,1,178500,178500,-1,0,1,0,1.43E+127,1.43E+127,1.33E+127,3.65E+63,3.65E+63,3.65E+63
2021/instances/2021/be_9_6_10.tgf,178050,15134853,0.0092453,1,1,1,178050,178050,-1,0,1,0,9.82E+126,9.82E+126,9.16E+126,3.03E+63,3.03E+63,3.03E+63
2021/instances/2021/be_9_6_6.tgf,180100,15157966,0.00639242,1,1,1,180100,180100,-1,0,1,0,5.27E+127,5.27E+127,4.92E+127,7.01E+63,7.01E+63,7.01E+63
2021/instances/2021/be_9_6_7.tgf,179550,15177232,0.00698307,1,1,1,179550,179550,-1,0,1,0,3.36E+127,3.36E+127,3.14E+127,5.60E+63,5.60E+63,5.60E+63
2021/instances/2021/be_9_6_8.tgf,178800,15121111,0.00793897,1,1,1,178800,178800,-1,0,1,0,1.82E+127,1.82E+127,1.70E+127,4.12E+63,4.12E+63,4.12E+63
2021/instances/2021/be_9_6_9.tgf,180900,15215737,0.00572012,1,1,1,180900,180900,-1,0,1,0,1.01E+128,1.01E+128,9.45E+127,9.72E+63,9.72E+63,9.72E+63
2021/instances/2021/be_9_7_10.tgf,179250,15725359,0.00761227,1,1,1,179250,179250,-1,0,1,0,2.62E+127,2.62E+127,2.44E+127,4.94E+63,4.94E+63,4.94E+63
2021/instances/2021/be_9_8_10.tgf,179050,16260804,0.00815433,1,1,1,179050,179050,-1,0,1,0,2.22E+127,2.22E+127,2.06E+127,4.54E+63,4.54E+63,4.54E+63
2021/instances/2021/be_9_8_6.tgf,178100,16225210,0.00980471,1,1,1,178100,178100,-1,0,1,0,1.02E+127,1.02E+127,9.45E+126,3.07E+63,3.07E+63,3.07E+63
2021/instances/2021/be_9_8_7.tgf,179750,16256896,0.00724044,1,1,1,179750,179750,-1,0,1,0,3.94E+127,3.94E+127,3.66E+127,6.05E+63,6.05E+63,6.05E+63
2021/instances/2021/be_9_8_8.tgf,179400,16317052,0.00769822,1,1,1,179400,179400,-1,0,1,0,2.96E+127,2.96E+127,2.74E+127,5.24E+63,5.24E+63,5.24E+63
2021/instances/2021/be_9_8_9.tgf,179300,16248146,0.00779767,1,1,1,179300,179300,-1,0,1,0,2.73E+127,2.73E+127,2.53E+127,5.03E+63,5.03E+63,5.03E+63
2021/instances/2021/be_9_9_10.tgf,178950,16829429,0.00859376,1,1,1,178950,178950,-1,0,1,0,2.04E+127,2.04E+127,1.89E+127,4.35E+63,4.35E+63,4.35E+63
2021/instances/2021/e_10_10_10.tgf,307050,33660307,0.00823919,1,1,1,307050,307050,-1,0,1,0,5.99E+166,5.99E+166,5.59E+166,2.36E+83,2.36E+83,2.36E+83
2021/instances/2021/e_10_1_10.tgf,307050,23973716,0.00586816,1,1,1,307050,307050,-1,0,1,0,6.11E+166,6.11E+166,5.82E+166,2.41E+83,2.41E+83,2.41E+83
2021/instances/2021/e_10_2_10.tgf,307050,25066076,0.00613554,1,1,1,307050,307050,-1,0,1,0,6.09E+166,6.09E+166,5.79E+166,2.41E+83,2.41E+83,2.41E+83
2021/instances/2021/e_10_3_10.tgf,307050,26161914,0.00640377,1,1,1,307050,307050,-1,0,1,0,6.08E+166,6.08E+166,5.76E+166,2.40E+83,2.40E+83,2.40E+83
2021/instances/2021/e_10_4_10.tgf,307050,27250070,0.00667013,1,1,1,307050,307050,-1,0,1,0,6.07E+166,6.07E+166,5.74E+166,2.40E+83,2.40E+83,2.40E+83
2021/instances/2021/e_10_5_10.tgf,307050,28324742,0.00693318,1,1,1,307050,307050,-1,0,1,0,6.05E+166,6.05E+166,5.71E+166,2.39E+83,2.39E+83,2.39E+83
2021/instances/2021/e_10_6_10.tgf,307050,29396105,0.00719542,1,1,1,307050,307050,-1,0,1,0,6.04E+166,6.04E+166,5.69E+166,2.39E+83,2.39E+83,2.39E+83
2021/instances/2021/e_10_7_10.tgf,307050,30459168,0.00745563,1,1,1,307050,307050,-1,0,1,0,6.03E+166,6.03E+166,5.66E+166,2.38E+83,2.38E+83,2.38E+83
2021/instances/2021/e_10_8_10.tgf,307050,31504999,0.00771163,1,1,1,307050,307050,-1,0,1,0,6.01E+166,6.01E+166,5.64E+166,2.37E+83,2.37E+83,2.37E+83
2021/instances/2021/e_10_9_10.tgf,307050,32649551,0.00799179,1,1,1,307050,307050,-1,0,1,0,6.00E+166,6.00E+166,5.61E+166,2.37E+83,2.37E+83,2.37E+83
2021/instances/2021/e_5_10_10.tgf,9450,853337,0.00955558,1,1,1,9450,9450,466289,0,1,0,1.33E+29,1.33E+29,9.63E+28,3.10396E+14,3.10396E+14,3.10396E+14
2021/instances/2021/e_5_10_6.tgf,9450,851800,0.00953837,1,1,1,9450,9450,496414,0,1,0,1.33E+29,1.33E+29,9.65E+28,3.10576E+14,3.10576E+14,3.10576E+14
2021/instances/2021/e_5_10_7.tgf,9450,854458,0.00956813,1,1,1,9450,9450,467055,0,1,0,1.33E+29,1.33E+29,9.63E+28,3.10264E+14,3.10264E+14,3.10264E+14
2021/instances/2021/e_5_10_8.tgf,9450,850344,0.00952206,1,1,1,9450,9450,463156,0,1,0,1.33E+29,1.33E+29,9.66E+28,3.10746E+14,3.10746E+14,3.10746E+14
2021/instances/2021/e_5_10_9.tgf,9450,857062,0.00959729,1,1,1,9450,9450,480594,0,1,0,1.33E+29,1.33E+29,9.61E+28,3.0996E+14,3.0996E+14,3.0996E+14
2021/instances/2021/e_5_1_10.tgf,9450,719253,0.00805412,1,1,1,9450,9450,493245,0,1,0,1.40E+29,1.40E+29,1.07E+29,3.26501E+14,3.26501E+14,3.26501E+14
2021/instances/2021/e_5_2_10.tgf,9450,735161,0.00823226,1,1,1,9450,9450,513489,0,1,0,1.39E+29,1.39E+29,1.05E+29,3.24547E+14,3.24547E+14,3.24547E+14
2021/instances/2021/e_5_2_6.tgf,9450,734796,0.00822817,1,1,1,9450,9450,509357,0,1,0,1.39E+29,1.39E+29,1.05E+29,3.24592E+14,3.24592E+14,3.24592E+14
2021/instances/2021/e_5_2_7.tgf,9450,734575,0.00822569,1,1,1,9450,9450,513934,0,1,0,1.39E+29,1.39E+29,1.05E+29,3.24619E+14,3.24619E+14,3.24619E+14
2021/instances/2021/e_5_2_8.tgf,9450,733933,0.0082185,1,1,1,9450,9450,502534,0,1,0,1.39E+29,1.39E+29,1.05E+29,3.24698E+14,3.24698E+14,3.24698E+14
2021/instances/2021/e_5_2_9.tgf,9450,734735,0.00822749,1,1,1,9450,9450,506748,0,1,0,1.39E+29,1.39E+29,1.05E+29,3.24599E+14,3.24599E+14,3.24599E+14
2021/instances/2021/e_5_3_10.tgf,9450,748860,0.00838566,1,1,1,9450,9450,453820,0,1,0,1.38E+29,1.38E+29,1.04E+29,3.22874E+14,3.22874E+14,3.22874E+14
2021/instances/2021/e_5_4_10.tgf,9450,764417,0.00855986,1,1,1,9450,9450,470460,0,1,0,1.37E+29,1.37E+29,1.03E+29,3.20985E+14,3.20985E+14,3.20985E+14
2021/instances/2021/e_5_4_6.tgf,9450,764210,0.00855754,1,1,1,9450,9450,462354,0,1,0,1.37E+29,1.37E+29,1.03E+29,3.2101E+14,3.2101E+14,3.2101E+14
2021/instances/2021/e_5_4_7.tgf,9450,767019,0.008589,1,1,1,9450,9450,433207,0,1,0,1.37E+29,1.37E+29,1.03E+29,3.2067E+14,3.2067E+14,3.2067E+14
2021/instances/2021/e_5_4_8.tgf,9450,765270,0.00856941,1,1,1,9450,9450,437269,0,1,0,1.37E+29,1.37E+29,1.03E+29,3.20882E+14,3.20882E+14,3.20882E+14
2021/instances/2021/e_5_4_9.tgf,9450,764465,0.0085604,1,1,1,9450,9450,515016,0,1,0,1.37E+29,1.37E+29,1.03E+29,3.20979E+14,3.20979E+14,3.20979E+14
2021/instances/2021/e_5_5_10.tgf,9450,781343,0.0087494,1,1,1,9450,9450,431857,0,1,0,1.37E+29,1.37E+29,1.02E+29,3.18942E+14,3.18942E+14,3.18942E+14
2021/instances/2021/e_5_6_10.tgf,9450,795495,0.00890787,1,1,1,9450,9450,494076,0,1,0,1.36E+29,1.36E+29,1.01E+29,3.17243E+14,3.17243E+14,3.17243E+14
2021/instances/2021/e_5_6_6.tgf,9450,792824,0.00887796,1,1,1,9450,9450,537084,0,1,0,1.36E+29,1.36E+29,1.01E+29,3.17563E+14,3.17563E+14,3.17563E+14
2021/instances/2021/e_5_6_7.tgf,9450,792775,0.00887741,1,1,1,9450,9450,548294,0,1,0,1.36E+29,1.36E+29,1.01E+29,3.17569E+14,3.17569E+14,3.17569E+14
2021/instances/2021/e_5_6_8.tgf,9450,797403,0.00892923,1,1,1,9450,9450,443340,0,1,0,1.36E+29,1.36E+29,1.00E+29,3.17015E+14,3.17015E+14,3.17015E+14
2021/instances/2021/e_5_6_9.tgf,9450,793826,0.00888918,1,1,1,9450,9450,453987,0,1,0,1.36E+29,1.36E+29,1.01E+29,3.17443E+14,3.17443E+14,3.17443E+14
2021/instances/2021/e_5_7_10.tgf,9450,807940,0.00904723,1,1,1,9450,9450,464699,0,1,0,1.35E+29,1.35E+29,9.97E+28,3.15757E+14,3.15757E+14,3.15757E+14
2021/instances/2021/e_5_8_10.tgf,9450,824852,0.00923661,1,1,1,9450,9450,470547,0,1,0,1.34E+29,1.34E+29,9.84E+28,3.13749E+14,3.13749E+14,3.13749E+14
2021/instances/2021/e_5_8_6.tgf,9450,824582,0.00923358,1,1,1,9450,9450,455618,0,1,0,1.34E+29,1.34E+29,9.85E+28,3.13781E+14,3.13781E+14,3.13781E+14
2021/instances/2021/e_5_8_7.tgf,9450,820453,0.00918735,1,1,1,9450,9450,487321,0,1,0,1.35E+29,1.35E+29,9.88E+28,3.1427E+14,3.1427E+14,3.1427E+14
2021/instances/2021/e_5_8_8.tgf,9450,822777,0.00921337,1,1,1,9450,9450,567687,0,1,0,1.34E+29,1.34E+29,9.86E+28,3.13995E+14,3.13995E+14,3.13995E+14
2021/instances/2021/e_5_8_9.tgf,9450,827569,0.00926703,1,1,1,9450,9450,455459,0,1,0,1.34E+29,1.34E+29,9.82E+28,3.13428E+14,3.13428E+14,3.13428E+14
2021/instances/2021/e_5_9_10.tgf,9450,837680,0.00938025,1,1,1,9450,9450,473451,0,1,0,1.34E+29,1.34E+29,9.75E+28,3.12234E+14,3.12234E+14,3.12234E+14
2021/instances/2021/e_6_10_10.tgf,19050,1795275,0.00494699,1,1,1,19050,19050,1011074,0,1,0,2.79E+41,2.79E+41,2.20E+41,4.69E+20,4.69E+20,4.69E+20
2021/instances/2021/e_6_10_6.tgf,19050,1795100,0.00494651,1,1,1,19050,19050,965899,0,1,0,2.79E+41,2.79E+41,2.20E+41,4.69E+20,4.69E+20,4.69E+20
2021/instances/2021/e_6_10_7.tgf,19050,1782573,0.00491199,1,1,1,19050,19050,1017217,0,1,0,2.80E+41,2.80E+41,2.21E+41,4.70E+20,4.70E+20,4.70E+20
2021/instances/2021/e_6_10_8.tgf,19050,1796081,0.00494921,1,1,1,19050,19050,979182,0,1,0,2.79E+41,2.79E+41,2.20E+41,4.69E+20,4.69E+20,4.69E+20
2021/instances/2021/e_6_10_9.tgf,19050,1787591,0.00492582,1,1,1,19050,19050,1040952,0,1,0,2.79E+41,2.79E+41,2.21E+41,4.70E+20,4.70E+20,4.70E+20
2021/instances/2021/e_6_1_10.tgf,19050,1455803,0.00401155,1,1,1,19050,19050,986963,0,1,0,2.92E+41,2.92E+41,2.41E+41,4.91E+20,4.91E+20,4.91E+20
2021/instances/2021/e_6_2_10.tgf,19050,1494790,0.00411899,1,1,1,19050,19050,883183,0,1,0,2.90E+41,2.90E+41,2.39E+41,4.88E+20,4.88E+20,4.88E+20
2021/instances/2021/e_6_2_6.tgf,19050,1496792,0.0041245,1,1,1,19050,19050,1029821,0,1,0,2.90E+41,2.90E+41,2.38E+41,4.88E+20,4.88E+20,4.88E+20
2021/instances/2021/e_6_2_7.tgf,19050,1497017,0.00412512,1,1,1,19050,19050,1013315,0,1,0,2.90E+41,2.90E+41,2.38E+41,4.88E+20,4.88E+20,4.88E+20
2021/instances/2021/e_6_2_8.tgf,19050,1493919,0.00411659,1,1,1,19050,19050,899494,0,1,0,2.90E+41,2.90E+41,2.39E+41,4.88E+20,4.88E+20,4.88E+20
2021/instances/2021/e_6_2_9.tgf,19050,1497337,0.004126,1,1,1,19050,19050,1024731,0,1,0,2.90E+41,2.90E+41,2.38E+41,4.88E+20,4.88E+20,4.88E+20
2021/instances/2021/e_6_3_10.tgf,19050,1533917,0.0042268,1,1,1,19050,19050,1047494,0,1,0,2.89E+41,2.89E+41,2.36E+41,4.86E+20,4.86E+20,4.86E+20
2021/instances/2021/e_6_4_10.tgf,19050,1576377,0.0043438,1,1,1,19050,19050,1092550,0,1,0,2.87E+41,2.87E+41,2.33E+41,4.83E+20,4.83E+20,4.83E+20
2021/instances/2021/e_6_4_6.tgf,19050,1574097,0.00433752,1,1,1,19050,19050,928727,0,1,0,2.87E+41,2.87E+41,2.34E+41,4.83E+20,4.83E+20,4.83E+20
2021/instances/2021/e_6_4_7.tgf,19050,1569543,0.00432497,1,1,1,19050,19050,899996,0,1,0,2.88E+41,2.88E+41,2.34E+41,4.84E+20,4.84E+20,4.84E+20
2021/instances/2021/e_6_4_8.tgf,19050,1573841,0.00433681,1,1,1,19050,19050,931536,0,1,0,2.87E+41,2.87E+41,2.34E+41,4.83E+20,4.83E+20,4.83E+20
2021/instances/2021/e_6_4_9.tgf,19050,1575959,0.00434265,1,1,1,19050,19050,960707,0,1,0,2.87E+41,2.87E+41,2.33E+41,4.83E+20,4.83E+20,4.83E+20
2021/instances/2021/e_6_5_10.tgf,19050,1611666,0.00444104,1,1,1,19050,19050,924559,0,1,0,2.86E+41,2.86E+41,2.31E+41,4.81E+20,4.81E+20,4.81E+20
2021/instances/2021/e_6_6_10.tgf,19050,1646142,0.00453604,1,1,1,19050,19050,916127,0,1,0,2.85E+41,2.85E+41,2.29E+41,4.79E+20,4.79E+20,4.79E+20
2021/instances/2021/e_6_6_6.tgf,19050,1639486,0.0045177,1,1,1,19050,19050,933536,0,1,0,2.85E+41,2.85E+41,2.30E+41,4.79E+20,4.79E+20,4.79E+20
2021/instances/2021/e_6_6_7.tgf,19050,1644815,0.00453239,1,1,1,19050,19050,949164,0,1,0,2.85E+41,2.85E+41,2.29E+41,4.79E+20,4.79E+20,4.79E+20
2021/instances/2021/e_6_6_8.tgf,19050,1644045,0.00453027,1,1,1,19050,19050,945024,0,1,0,2.85E+41,2.85E+41,2.29E+41,4.79E+20,4.79E+20,4.79E+20
2021/instances/2021/e_6_6_9.tgf,19050,1645188,0.00453342,1,1,1,19050,19050,990920,0,1,0,2.85E+41,2.85E+41,2.29E+41,4.79E+20,4.79E+20,4.79E+20
2021/instances/2021/e_6_7_10.tgf,19050,1683689,0.00463951,1,1,1,19050,19050,1001633,0,1,0,2.83E+41,2.83E+41,2.27E+41,4.76E+20,4.76E+20,4.76E+20
2021/instances/2021/e_6_8_10.tgf,19050,1725119,0.00475367,1,1,1,19050,19050,977647,0,1,0,2.82E+41,2.82E+41,2.24E+41,4.74E+20,4.74E+20,4.74E+20
2021/instances/2021/e_6_8_6.tgf,19050,1722192,0.00474561,1,1,1,19050,19050,959936,0,1,0,2.82E+41,2.82E+41,2.25E+41,4.74E+20,4.74E+20,4.74E+20
2021/instances/2021/e_6_8_7.tgf,19050,1724091,0.00475084,1,1,1,19050,19050,947653,0,1,0,2.82E+41,2.82E+41,2.25E+41,4.74E+20,4.74E+20,4.74E+20
2021/instances/2021/e_6_8_8.tgf,19050,1717902,0.00473378,1,1,1,19050,19050,940182,0,1,0,2.82E+41,2.82E+41,2.25E+41,4.74E+20,4.74E+20,4.74E+20
2021/instances/2021/e_6_8_9.tgf,19050,1723304,0.00474867,1,1,1,19050,19050,971483,0,1,0,2.82E+41,2.82E+41,2.25E+41,4.74E+20,4.74E+20,4.74E+20
2021/instances/2021/e_6_9_10.tgf,19050,1754498,0.00483463,1,1,1,19050,19050,1205494,0,1,0,2.81E+41,2.81E+41,2.23E+41,4.72E+20,4.72E+20,4.72E+20
2021/instances/2021/e_7_10_10.tgf,38250,3760479,0.00257028,1,1,1,38250,38250,-1,0,1,0,6.29E+58,6.29E+58,5.28E+58,2.30E+29,2.30E+29,2.30E+29
2021/instances/2021/e_7_10_6.tgf,38250,3756598,0.00256763,1,1,1,38250,38250,-1,0,1,0,6.29E+58,6.29E+58,5.29E+58,2.30E+29,2.30E+29,2.30E+29
2021/instances/2021/e_7_10_7.tgf,38250,3730045,0.00254948,1,1,1,38250,38250,-1,0,1,0,6.30E+58,6.30E+58,5.30E+58,2.30E+29,2.30E+29,2.30E+29
2021/instances/2021/e_7_10_8.tgf,38250,3745528,0.00256006,1,1,1,38250,38250,-1,0,1,0,6.29E+58,6.29E+58,5.29E+58,2.30E+29,2.30E+29,2.30E+29
2021/instances/2021/e_7_10_9.tgf,38250,3730518,0.0025498,1,1,1,38250,38250,-1,0,1,0,6.30E+58,6.30E+58,5.30E+58,2.30E+29,2.30E+29,2.30E+29
2021/instances/2021/e_7_1_10.tgf,38250,2941295,0.00201037,1,1,1,38250,38250,-1,0,1,0,6.53E+58,6.53E+58,5.70E+58,2.39E+29,2.39E+29,2.39E+29
2021/instances/2021/e_7_2_10.tgf,38250,3029840,0.00207089,1,1,1,38250,38250,-1,0,1,0,6.51E+58,6.51E+58,5.65E+58,2.38E+29,2.38E+29,2.38E+29
2021/instances/2021/e_7_2_6.tgf,38250,3033779,0.00207358,1,1,1,38250,38250,-1,0,1,0,6.50E+58,6.50E+58,5.65E+58,2.38E+29,2.38E+29,2.38E+29
2021/instances/2021/e_7_2_7.tgf,38250,3031815,0.00207224,1,1,1,38250,38250,-1,0,1,0,6.50E+58,6.50E+58,5.65E+58,2.38E+29,2.38E+29,2.38E+29
2021/instances/2021/e_7_2_8.tgf,38250,3033504,0.00207339,1,1,1,38250,38250,-1,0,1,0,6.50E+58,6.50E+58,5.65E+58,2.38E+29,2.38E+29,2.38E+29
2021/instances/2021/e_7_2_9.tgf,38250,3034374,0.00207399,1,1,1,38250,38250,-1,0,1,0,6.50E+58,6.50E+58,5.65E+58,2.38E+29,2.38E+29,2.38E+29
2021/instances/2021/e_7_3_10.tgf,38250,3125352,0.00213617,1,1,1,38250,38250,-1,0,1,0,6.48E+58,6.48E+58,5.60E+58,2.37E+29,2.37E+29,2.37E+29
2021/instances/2021/e_7_4_10.tgf,38250,3213172,0.0021962,1,1,1,38250,38250,-1,0,1,0,6.45E+58,6.45E+58,5.56E+58,2.36E+29,2.36E+29,2.36E+29
2021/instances/2021/e_7_4_6.tgf,38250,3216447,0.00219843,1,1,1,38250,38250,-1,0,1,0,6.45E+58,6.45E+58,5.56E+58,2.36E+29,2.36E+29,2.36E+29
2021/instances/2021/e_7_4_7.tgf,38250,3216605,0.00219854,1,1,1,38250,38250,-1,0,1,0,6.45E+58,6.45E+58,5.56E+58,2.36E+29,2.36E+29,2.36E+29
2021/instances/2021/e_7_4_8.tgf,38250,3208354,0.0021929,1,1,1,38250,38250,-1,0,1,0,6.45E+58,6.45E+58,5.56E+58,2.36E+29,2.36E+29,2.36E+29
2021/instances/2021/e_7_4_9.tgf,38250,3213290,0.00219628,1,1,1,38250,38250,-1,0,1,0,6.45E+58,6.45E+58,5.56E+58,2.36E+29,2.36E+29,2.36E+29
2021/instances/2021/e_7_5_10.tgf,38250,3302548,0.00225728,1,1,1,38250,38250,-1,0,1,0,6.42E+58,6.42E+58,5.51E+58,2.35E+29,2.35E+29,2.35E+29
2021/instances/2021/e_7_6_10.tgf,38250,3396734,0.00232166,1,1,1,38250,38250,-1,0,1,0,6.40E+58,6.40E+58,5.46E+58,2.34E+29,2.34E+29,2.34E+29
2021/instances/2021/e_7_6_6.tgf,38250,3386611,0.00231474,1,1,1,38250,38250,-1,0,1,0,6.40E+58,6.40E+58,5.47E+58,2.34E+29,2.34E+29,2.34E+29
2021/instances/2021/e_7_6_7.tgf,38250,3402275,0.00232545,1,1,1,38250,38250,-1,0,1,0,6.39E+58,6.39E+58,5.46E+58,2.34E+29,2.34E+29,2.34E+29
2021/instances/2021/e_7_6_8.tgf,38250,3389467,0.00231669,1,1,1,38250,38250,-1,0,1,0,6.40E+58,6.40E+58,5.47E+58,2.34E+29,2.34E+29,2.34E+29
2021/instances/2021/e_7_6_9.tgf,38250,3393677,0.00231957,1,1,1,38250,38250,-1,0,1,0,6.40E+58,6.40E+58,5.47E+58,2.34E+29,2.34E+29,2.34E+29
2021/instances/2021/e_7_7_10.tgf,38250,3474228,0.00237463,1,1,1,38250,38250,-1,0,1,0,6.37E+58,6.37E+58,5.43E+58,2.33E+29,2.33E+29,2.33E+29
2021/instances/2021/e_7_8_10.tgf,38250,3573286,0.00244233,1,1,1,38250,38250,-1,0,1,0,6.34E+58,6.34E+58,5.38E+58,2.32E+29,2.32E+29,2.32E+29
2021/instances/2021/e_7_8_6.tgf,38250,3573877,0.00244274,1,1,1,38250,38250,-1,0,1,0,6.34E+58,6.34E+58,5.38E+58,2.32E+29,2.32E+29,2.32E+29
2021/instances/2021/e_7_8_7.tgf,38250,3568660,0.00243917,1,1,1,38250,38250,-1,0,1,0,6.34E+58,6.34E+58,5.38E+58,2.32E+29,2.32E+29,2.32E+29
2021/instances/2021/e_7_8_8.tgf,38250,3565846,0.00243725,1,1,1,38250,38250,-1,0,1,0,6.35E+58,6.35E+58,5.38E+58,2.32E+29,2.32E+29,2.32E+29
2021/instances/2021/e_7_8_9.tgf,38250,3566413,0.00243764,1,1,1,38250,38250,-1,0,1,0,6.35E+58,6.35E+58,5.38E+58,2.32E+29,2.32E+29,2.32E+29
2021/instances/2021/e_7_9_10.tgf,38250,3654720,0.00249799,1,1,1,38250,38250,-1,0,1,0,6.32E+58,6.32E+58,5.34E+58,2.31E+29,2.31E+29,2.31E+29
2021/instances/2021/e_8_10_10.tgf,76650,7836770,0.00495918,1,1,1,76650,76650,-1,0,1,0,1.94E+83,1.94E+83,1.70E+83,4.13E+41,4.13E+41,4.13E+41
2021/instances/2021/e_8_10_6.tgf,76650,7799204,0.00493541,1,1,1,76650,76650,-1,0,1,0,1.94E+83,1.94E+83,1.71E+83,4.13E+41,4.13E+41,4.13E+41
2021/instances/2021/e_8_10_7.tgf,76650,7799023,0.00493529,1,1,1,76650,76650,-1,0,1,0,1.94E+83,1.94E+83,1.71E+83,4.13E+41,4.13E+41,4.13E+41
2021/instances/2021/e_8_10_8.tgf,76650,7790806,0.00493009,1,1,1,76650,76650,-1,0,1,0,1.94E+83,1.94E+83,1.71E+83,4.13E+41,4.13E+41,4.13E+41
2021/instances/2021/e_8_10_9.tgf,76650,7788864,0.00492886,1,1,1,76650,76650,-1,0,1,0,1.94E+83,1.94E+83,1.71E+83,4.13E+41,4.13E+41,4.13E+41
2021/instances/2021/e_8_1_10.tgf,76650,5922011,0.0037475,1,1,1,76650,76650,-1,0,1,0,2.00E+83,2.00E+83,1.81E+83,4.26E+41,4.26E+41,4.26E+41
2021/instances/2021/e_8_2_10.tgf,76650,6133817,0.00388154,1,1,1,76650,76650,-1,0,1,0,1.99E+83,1.99E+83,1.80E+83,4.24E+41,4.24E+41,4.24E+41
2021/instances/2021/e_8_2_6.tgf,76650,6140999,0.00388608,1,1,1,76650,76650,-1,0,1,0,1.99E+83,1.99E+83,1.80E+83,4.24E+41,4.24E+41,4.24E+41
2021/instances/2021/e_8_2_8.tgf,76650,6133591,0.00388139,1,1,1,76650,76650,-1,0,1,0,1.99E+83,1.99E+83,1.80E+83,4.24E+41,4.24E+41,4.24E+41
2021/instances/2021/e_8_2_9.tgf,76650,6136474,0.00388322,1,1,1,76650,76650,-1,0,1,0,1.99E+83,1.99E+83,1.80E+83,4.24E+41,4.24E+41,4.24E+41
2021/instances/2021/e_8_3_10.tgf,76650,6346464,0.0040161,1,1,1,76650,76650,-1,0,1,0,1.98E+83,1.98E+83,1.79E+83,4.23E+41,4.23E+41,4.23E+41
2021/instances/2021/e_8_4_10.tgf,76650,6560818,0.00415175,1,1,1,76650,76650,-1,0,1,0,1.98E+83,1.98E+83,1.78E+83,4.21E+41,4.21E+41,4.21E+41
2021/instances/2021/e_8_4_6.tgf,76650,6551736,0.004146,1,1,1,76650,76650,-1,0,1,0,1.98E+83,1.98E+83,1.78E+83,4.21E+41,4.21E+41,4.21E+41
2021/instances/2021/e_8_4_7.tgf,76650,6556876,0.00414925,1,1,1,76650,76650,-1,0,1,0,1.98E+83,1.98E+83,1.78E+83,4.21E+41,4.21E+41,4.21E+41
2021/instances/2021/e_8_4_8.tgf,76650,6558124,0.00415004,1,1,1,76650,76650,-1,0,1,0,1.98E+83,1.98E+83,1.78E+83,4.21E+41,4.21E+41,4.21E+41
2021/instances/2021/e_8_4_9.tgf,76650,6562859,0.00415304,1,1,1,76650,76650,-1,0,1,0,1.98E+83,1.98E+83,1.78E+83,4.21E+41,4.21E+41,4.21E+41
2021/instances/2021/e_8_5_10.tgf,76650,6769965,0.0042841,1,1,1,76650,76650,-1,0,1,0,1.97E+83,1.97E+83,1.76E+83,4.20E+41,4.20E+41,4.20E+41
2021/instances/2021/e_8_6_10.tgf,76650,6967472,0.00440908,1,1,1,76650,76650,-1,0,1,0,1.96E+83,1.96E+83,1.75E+83,4.19E+41,4.19E+41,4.19E+41
2021/instances/2021/e_8_6_6.tgf,76650,6976954,0.00441508,1,1,1,76650,76650,-1,0,1,0,1.96E+83,1.96E+83,1.75E+83,4.19E+41,4.19E+41,4.19E+41
2021/instances/2021/e_8_6_7.tgf,76650,6978995,0.00441637,1,1,1,76650,76650,-1,0,1,0,1.96E+83,1.96E+83,1.75E+83,4.18E+41,4.18E+41,4.18E+41
2021/instances/2021/e_8_6_8.tgf,76650,6983843,0.00441944,1,1,1,76650,76650,-1,0,1,0,1.96E+83,1.96E+83,1.75E+83,4.18E+41,4.18E+41,4.18E+41
2021/instances/2021/e_8_6_9.tgf,76650,6955373,0.00440142,1,1,1,76650,76650,-1,0,1,0,1.96E+83,1.96E+83,1.75E+83,4.19E+41,4.19E+41,4.19E+41
2021/instances/2021/e_8_7_10.tgf,76650,7178018,0.00454232,1,1,1,76650,76650,-1,0,1,0,1.96E+83,1.96E+83,1.74E+83,4.17E+41,4.17E+41,4.17E+41
2021/instances/2021/e_8_8_10.tgf,76650,7400934,0.00468338,1,1,1,76650,76650,-1,0,1,0,1.95E+83,1.95E+83,1.73E+83,4.16E+41,4.16E+41,4.16E+41
2021/instances/2021/e_8_8_6.tgf,76650,7386762,0.00467441,1,1,1,76650,76650,-1,0,1,0,1.95E+83,1.95E+83,1.73E+83,4.16E+41,4.16E+41,4.16E+41
2021/instances/2021/e_8_8_7.tgf,76650,7406595,0.00468696,1,1,1,76650,76650,-1,0,1,0,1.95E+83,1.95E+83,1.73E+83,4.16E+41,4.16E+41,4.16E+41
2021/instances/2021/e_8_8_9.tgf,76650,7396195,0.00468038,1,1,1,76650,76650,-1,0,1,0,1.95E+83,1.95E+83,1.73E+83,4.16E+41,4.16E+41,4.16E+41
2021/instances/2021/e_8_9_10.tgf,76650,7626597,0.00482618,1,1,1,76650,76650,-1,0,1,0,1.94E+83,1.94E+83,1.71E+83,4.14E+41,4.14E+41,4.14E+41
2021/instances/2021/e_9_10_10.tgf,153450,16118252,0.00777883,1,1,1,153450,153450,-1,0,1,0,7.61E+117,7.61E+117,6.93E+117,8.33E+58,8.33E+58,8.33E+58
2021/instances/2021/e_9_10_6.tgf,153450,16228818,0.00783219,1,1,1,153450,153450,-1,0,1,0,7.60E+117,7.60E+117,6.92E+117,8.32E+58,8.32E+58,8.32E+58
2021/instances/2021/e_9_10_7.tgf,153450,16187979,0.00781248,1,1,1,153450,153450,-1,0,1,0,7.60E+117,7.60E+117,6.93E+117,8.32E+58,8.32E+58,8.32E+58
2021/instances/2021/e_9_10_8.tgf,153450,16274798,0.00785438,1,1,1,153450,153450,-1,0,1,0,7.60E+117,7.60E+117,6.92E+117,8.32E+58,8.32E+58,8.32E+58
2021/instances/2021/e_9_10_9.tgf,153450,16226516,0.00783108,1,1,1,153450,153450,-1,0,1,0,7.60E+117,7.60E+117,6.92E+117,8.32E+58,8.32E+58,8.32E+58
2021/instances/2021/e_9_1_10.tgf,153450,11922387,0.00575386,1,1,1,153450,153450,-1,0,1,0,7.79E+117,7.79E+117,7.28E+117,8.53E+58,8.53E+58,8.53E+58
2021/instances/2021/e_9_2_10.tgf,153450,12405164,0.00598686,1,1,1,153450,153450,-1,0,1,0,7.77E+117,7.77E+117,7.23E+117,8.51E+58,8.51E+58,8.51E+58
2021/instances/2021/e_9_2_6.tgf,153450,12398452,0.00598362,1,1,1,153450,153450,-1,0,1,0,7.77E+117,7.77E+117,7.24E+117,8.51E+58,8.51E+58,8.51E+58
2021/instances/2021/e_9_2_7.tgf,153450,12391862,0.00598044,1,1,1,153450,153450,-1,0,1,0,7.77E+117,7.77E+117,7.24E+117,8.51E+58,8.51E+58,8.51E+58
2021/instances/2021/e_9_2_8.tgf,153450,12409048,0.00598873,1,1,1,153450,153450,-1,0,1,0,7.77E+117,7.77E+117,7.23E+117,8.51E+58,8.51E+58,8.51E+58
2021/instances/2021/e_9_2_9.tgf,153450,12406882,0.00598769,1,1,1,153450,153450,-1,0,1,0,7.77E+117,7.77E+117,7.23E+117,8.51E+58,8.51E+58,8.51E+58
2021/instances/2021/e_9_3_10.tgf,153450,12873145,0.00621271,1,1,1,153450,153450,-1,0,1,0,7.75E+117,7.75E+117,7.20E+117,8.48E+58,8.48E+58,8.48E+58
2021/instances/2021/e_9_4_10.tgf,153450,13368408,0.00645173,1,1,1,153450,153450,-1,0,1,0,7.73E+117,7.73E+117,7.16E+117,8.46E+58,8.46E+58,8.46E+58
2021/instances/2021/e_9_4_6.tgf,153450,13367564,0.00645132,1,1,1,153450,153450,-1,0,1,0,7.73E+117,7.73E+117,7.16E+117,8.46E+58,8.46E+58,8.46E+58
2021/instances/2021/e_9_4_7.tgf,153450,13377933,0.00645633,1,1,1,153450,153450,-1,0,1,0,7.73E+117,7.73E+117,7.15E+117,8.46E+58,8.46E+58,8.46E+58
2021/instances/2021/e_9_4_8.tgf,153450,13379775,0.00645721,1,1,1,153450,153450,-1,0,1,0,7.73E+117,7.73E+117,7.15E+117,8.46E+58,8.46E+58,8.46E+58
2021/instances/2021/e_9_4_9.tgf,153450,13372237,0.00645358,1,1,1,153450,153450,-1,0,1,0,7.73E+117,7.73E+117,7.15E+117,8.46E+58,8.46E+58,8.46E+58
2021/instances/2021/e_9_5_10.tgf,153450,13855337,0.00668673,1,1,1,153450,153450,-1,0,1,0,7.71E+117,7.71E+117,7.11E+117,8.44E+58,8.44E+58,8.44E+58
2021/instances/2021/e_9_6_10.tgf,153450,14346282,0.00692366,1,1,1,153450,153450,-1,0,1,0,7.68E+117,7.68E+117,7.07E+117,8.41E+58,8.41E+58,8.41E+58
2021/instances/2021/e_9_6_6.tgf,153450,14348533,0.00692475,1,1,1,153450,153450,-1,0,1,0,7.68E+117,7.68E+117,7.07E+117,8.41E+58,8.41E+58,8.41E+58
2021/instances/2021/e_9_6_7.tgf,153450,14322598,0.00691223,1,1,1,153450,153450,-1,0,1,0,7.69E+117,7.69E+117,7.08E+117,8.41E+58,8.41E+58,8.41E+58
2021/instances/2021/e_9_6_8.tgf,153450,14356129,0.00692841,1,1,1,153450,153450,-1,0,1,0,7.68E+117,7.68E+117,7.07E+117,8.41E+58,8.41E+58,8.41E+58
2021/instances/2021/e_9_6_9.tgf,153450,14313622,0.0069079,1,1,1,153450,153450,-1,0,1,0,7.69E+117,7.69E+117,7.08E+117,8.41E+58,8.41E+58,8.41E+58
2021/instances/2021/e_9_7_10.tgf,153450,14834481,0.00715927,1,1,1,153450,153450,-1,0,1,0,7.66E+117,7.66E+117,7.04E+117,8.39E+58,8.39E+58,8.39E+58
2021/instances/2021/e_9_8_6.tgf,153450,15281171,0.00737485,1,1,1,153450,153450,-1,0,1,0,7.64E+117,7.64E+117,7.00E+117,8.37E+58,8.37E+58,8.37E+58
2021/instances/2021/e_9_8_7.tgf,153450,15292084,0.00738011,1,1,1,153450,153450,-1,0,1,0,7.64E+117,7.64E+117,7.00E+117,8.37E+58,8.37E+58,8.37E+58
2021/instances/2021/e_9_8_8.tgf,153450,15282956,0.00737571,1,1,1,153450,153450,-1,0,1,0,7.64E+117,7.64E+117,7.00E+117,8.37E+58,8.37E+58,8.37E+58
2021/instances/2021/e_9_8_9.tgf,153450,15293880,0.00738098,1,1,1,153450,153450,-1,0,1,0,7.64E+117,7.64E+117,7.00E+117,8.37E+58,8.37E+58,8.37E+58
2021/instances/2021/e_9_9_10.tgf,153450,15694548,0.00757435,1,1,1,153450,153450,-1,0,1,0,7.63E+117,7.63E+117,6.97E+117,8.35E+58,8.35E+58,8.35E+58
2021/instances/2019/A-1-ER_100_100_1.tgf,102,5094,0.489619,1,1,1,102,102,2643,0,1,0,148.589,148.589,35.6194,5.9682,5.9682,5.9682
2021/instances/2019/A-1-stb_291_2.tgf,291,3361,0.0396901,2,10,1,282,282,1696,0,1,4.5E-09,11300.1,11300.1,9320.74,96.544,265.67,96.544
2021/instances/2019/A-2-afinput_exp_acyclic_depvary_step6_batch_yyy05.tgf,626,358110,0.913835,3,31,1,596,596,351123,0,1,0,2.51542,2.51542,2.069,1.0171,1.20342,2.03421
2021/instances/2019/A-2-afinput_exp_cycles_depvary_step4_batch_yyy01.tgf,443,184836,0.941844,3,16,1,428,428,179846,0,1,0,2.73728,2.73728,2.08373,1.02072,1.13029,2.04144
2021/instances/2019/A-2-afinput_exp_cycles_depvary_step4_batch_yyy03.tgf,457,198259,0.949293,3,19,1,439,439,196471,0,1,0,2.40448,2.40448,2.02846,1.00709,1.04365,2.01418
2021/instances/2019/A-2-afinput_exp_cycles_indvary1_step1_batch_yyy04.tgf,441,187078,0.961935,3,10,1,432,432,184560,0,1,0,3.17225,3.17225,2.105,1.02591,1.09267,2.05183
2021/instances/2019/A-2-afinput_exp_cycles_indvary3_step1_batch_yyy04.tgf,522,231830,0.850802,3,27,1,496,496,201068,0,1,0,5.69027,5.69027,2.74178,1.17085,2.01892,2.3417
2021/instances/2019/A-2-stb_422_250.tgf,422,4680,0.0262797,2,35,1,388,388,2395,0,1,0.000000058,3346.81,3346.81,2988.31,54.6654,763.131,54.6654
2021/instances/2019/A-2-stb_428_430.tgf,428,3702,0.0202092,6,33,3,132.667,395,1659,0,1,2.95E-08,10435.1,10435.1,9463.07,99.2372,850.447,1458.56
2021/instances/2019/A-2-stb_547_485.tgf,547,3440,0.011497,3,37,1,511,511,1404,0,1,0.000000068,1079780,1079780,997564,706.245,2300.02,1412.49
2021/instances/2019/A-2-WS_300_16_70_30.tgf,300,2400,0.0266667,1,1,1,300,300,1124,0,1,0,139317,139317,118837,344.728,344.728,344.728
2021/instances/2019/A-2-WS_300_16_90_30.tgf,300,2400,0.0266667,1,1,1,300,300,1141,0,1,0,139317,139317,118837,344.728,344.728,344.728
2021/instances/2019/A-3-afinput_exp_acyclic_depvary_step5_batch_yyy01.tgf,551,286921,0.945059,3,19,1,533,533,282053,0,1,0,2.20184,2.20184,2.01895,1.00473,1.08001,2.00945
2021/instances/2019/A-3-afinput_exp_acyclic_depvary_step6_batch_yyy04.tgf,574,310341,0.941923,3,17,1,558,558,306847,0,1,0,2.62442,2.62442,2.08216,1.02033,1.19688,2.04067
2021/instances/2019/A-3-afinput_exp_acyclic_indvary2_step2_batch_yyy10.tgf,848,698383,0.971185,3,13,1,836,836,693286,0,1,0,2.46429,2.46429,2.04495,1.01118,1.12032,2.02235
2021/instances/2019/A-3-afinput_exp_cycles_depvary_step4_batch_yyy05.tgf,665,428030,0.967901,3,15,1,651,651,424657,0,1,0,2.83219,2.83219,2.05462,1.01356,1.05447,2.02713
2021/instances/2019/A-3-afinput_exp_cycles_indvary1_step1_batch_yyy02.tgf,577,321302,0.965077,3,9,1,569,569,318030,0,1,0,4.54765,4.54765,2.21489,1.05235,1.13609,2.1047
2021/instances/2019/A-3-afinput_exp_cycles_indvary1_step1_batch_yyy03.tgf,475,218439,0.968151,3,6,1,470,470,126884,0,1,0,5.45582,5.45582,2.29863,1.07206,1.15545,2.14412
2021/instances/2019/A-3-afinput_exp_cycles_indvary1_step1_batch_yyy09.tgf,581,328694,0.973732,3,11,1,571,571,321160,0,1,0,2.33515,2.33515,2.02635,1.00657,1.06089,2.01313
2021/instances/2019/A-3-afinput_exp_cycles_indvary1_step2_batch_yyy01.tgf,619,373513,0.97482,3,10,1,610,610,370694,0,1,0,2.63349,2.63349,2.04945,1.01229,1.06977,2.02458
2021/instances/2019/A-3-afinput_exp_cycles_indvary1_step3_batch_yyy02.tgf,556,299028,0.967302,3,10,1,547,547,297687,0,1,0,2.4473,2.4473,2.03957,1.00984,1.07936,2.01969
2021/instances/2019/A-3-afinput_exp_cycles_indvary2_step1_batch_yyy03.tgf,639,395445,0.968466,3,16,1,624,624,389504,0,1,0,2.17226,2.17226,2.00987,1.00246,1.03123,2.00493
2021/instances/2019/A-3-afinput_exp_cycles_indvary2_step1_batch_yyy04.tgf,691,456389,0.955827,3,18,1,674,674,434909,0,1,0,2.60992,2.60992,2.06931,1.01718,1.15884,2.03436
2021/instances/2019/A-3-afinput_exp_cycles_indvary2_step1_batch_yyy10.tgf,691,449360,0.941105,3,23,1,669,669,437265,0,1,0,2.62129,2.62129,2.0679,1.01683,1.1463,2.03367
2021/instances/2019/A-3-grd_8034_1_2.tgf,8034,323193,0.00500724,3,571,1,7464,7464,151551,0,1,6.865E-07,1463.73,1463.73,1439.69,26.8299,8.67829E+12,53.6599
2021/instances/2019/A-4-afinput_exp_acyclic_depvary_step7_batch_yyy08.tgf,1009,969854,0.95263,3,23,1,987,987,957695,0,1,0,3.3814,3.3814,2.14123,1.0347,1.20179,2.06941
2021/instances/2019/A-4-afinput_exp_acyclic_depvary_step8_batch_yyy09.tgf,971,893586,0.947759,3,31,1,941,941,880521,0,1,0,2.47958,2.47958,2.05103,1.01268,1.15725,2.02535
2021/instances/2019/A-4-afinput_exp_acyclic_indvary1_step2_batch_yyy07.tgf,1028,1039471,0.983617,3,10,1,1019,1019,1034766,0,1,0,2.72727,2.72727,2.0468,1.01163,1.06346,2.02326
2021/instances/2019/A-4-grd_7891_3_9.tgf,7891,934806,0.0150127,3,373,1,7519,7519,426888,0,1,1.2195E-06,2,2,2,1,7.1705E+12,2
2021/instances/2019/B-1-afinput_exp_acyclic_depvary_step5_batch_yyy08.tgf,384,133973,0.908563,3,15,1,370,370,129636,0,1,0,3.44466,3.44466,2.225,1.05475,1.29219,2.1095
2021/instances/2019/B-2-afinput_exp_acyclic_depvary_step8_batch_yyy09.tgf,971,893586,0.947759,3,31,1,941,941,880521,0,1,0,2.47958,2.47958,2.05103,1.01268,1.15725,2.02535
2021/instances/2019/B-2-afinput_exp_acyclic_indvary2_step2_batch_yyy10.tgf,848,698383,0.971185,3,13,1,836,836,693286,0,1,0,2.46429,2.46429,2.04495,1.01118,1.12032,2.02235
2021/instances/2019/B-2-afinput_exp_cycles_indvary2_step1_batch_yyy01.tgf,834,672442,0.966769,3,12,1,823,823,658585,0,1,0,4.08486,4.08486,2.1881,1.04597,1.1706,2.09194
2021/instances/2019/B-2-afinput_exp_cycles_indvary2_step1_batch_yyy10.tgf,691,449360,0.941105,3,23,1,669,669,437265,0,1,0,2.62129,2.62129,2.0679,1.01683,1.1463,2.03367
2021/instances/2019/B-2-stb_287_202.tgf,287,2810,0.0341148,2,8,1,280,280,1365,0,1,0.000000002,17571.7,17571.7,14803.5,121.67,269.789,121.67
2021/instances/2019/B-2-stb_291_2.tgf,291,3361,0.0396901,2,10,1,282,282,1696,0,1,4.5E-09,11300.1,11300.1,9320.74,96.544,265.67,96.544
2021/instances/2019/B-2-stb_330_291.tgf,330,3214,0.0295133,2,22,1,309,309,1531,0,1,0.000000019,7487.76,7487.76,6504.39,80.6498,365.56,80.6498
2021/instances/2019/B-2-stb_410_118.tgf,410,3720,0.0221297,2,27,1,384,384,1588,0,1,0.000000042,23037.4,23037.4,20488.1,143.137,760.346,143.137
2021/instances/2019/B-2-stb_625_161.tgf,625,2753,0.00704768,3,28,1,598,598,1032,0,1,2.5E-09,22947700,22947700,21634000,3288.92,4508.71,6577.85
2021/instances/2019/B-2-WS_200_20_90_50.tgf,200,2000,0.05,1,1,1,200,200,890,0,1,0,14106.3,14106.3,11075.1,105.238,105.238,105.238
2021/instances/2019/B-3-afinput_exp_acyclic_depvary_step7_batch_yyy08.tgf,1009,969854,0.95263,3,23,1,987,987,957695,0,1,0,3.3814,3.3814,2.14123,1.0347,1.20179,2.06941
2021/instances/2019/B-3-stb_327_100.tgf,327,3160,0.0295523,2,7,1,321,321,1491,0,1,0.000000001,54275.5,54275.5,46050.6,214.594,413.059,214.594
2021/instances/2019/B-3-stb_339_393.tgf,339,4374,0.0380609,4,25,2,158,315,2034,0,1,2.75E-08,1201.72,1201.72,1040.28,33.2068,366.992,96.6205
2021/instances/2019/B-3-stb_380_405.tgf,380,4503,0.0311842,4,35,2,173.5,346,2275,0,1,5.55E-08,1590.74,1590.74,1403.76,38.4267,508.403,112.28
2021/instances/2019/B-3-stb_390_450.tgf,390,2845,0.0187048,2,27,1,364,364,1222,0,1,0.000000035,29554,29554,26682.6,163.348,652.983,163.348
2021/instances/2019/B-3-stb_428_430.tgf,428,3702,0.0202092,6,33,3,132.667,395,1659,0,1,2.95E-08,10435.1,10435.1,9463.07,99.2372,850.447,1458.56
2021/instances/2019/B-3-stb_430_209.tgf,430,2698,0.0145917,3,18,1,413,413,1143,0,1,0.000000008,450641,450641,410716,453.164,1030.28,906.329
2021/instances/2019/B-3-stb_457_193.tgf,457,5074,0.0242951,2,38,1,420,420,2514,0,1,0.000000131,5733.94,5733.94,5126.05,71.5965,1012.2,71.5965
2021/instances/2019/B-3-stb_522_11.tgf,522,3001,0.0110135,3,34,1,489,489,1148,0,1,4.55E-08,1143310,1143310,1059400,727.804,1950.85,1455.61
2021/instances/2019/B-3-stb_590_330.tgf,590,3443,0.00989084,3,35,1,556,556,1398,0,1,6.25E-08,2203040,2203040,2051730,1012.85,3257.48,2025.7
2021/instances/2019/B-3-stb_696_368.tgf,696,3128,0.00645726,3,24,1,673,673,1192,0,1,0.000000001,80025000,80025000,75525100,6145.12,7566.93,12290.2
2021/instances/2019/B-3-stb_696_412.tgf,696,3395,0.00700844,3,50,1,647,647,1259,0,1,6.95E-08,15125900,15125900,14271700,2671.3,6316.53,5342.61
2021/instances/2019/B-3-stb_763_492.tgf,763,3774,0.00648265,5,56,2,354.5,706,1362,0,1,0.000000062,26675800,26675800,25247600,3554,9387.91,28424
2021/instances/2019/B-3-stb_767_429.tgf,767,3415,0.00580497,3,65,1,703,703,1246,0,1,6.45E-08,24215700,24215700,23049800,3394.84,9261.14,6789.67
2021/instances/2019/B-3-WS_300_16_70_30.tgf,300,2400,0.0266667,1,1,1,300,300,1124,0,1,0,139317,139317,118837,344.728,344.728,344.728
2021/instances/2019/B-3-WS_300_16_90_30.tgf,300,2400,0.0266667,1,1,1,300,300,1141,0,1,0,139317,139317,118837,344.728,344.728,344.728
2021/instances/2019/B-4-stb_547_485.tgf,547,3440,0.011497,3,37,1,511,511,1404,0,1,0.000000068,1079780,1079780,997564,706.245,2300.02,1412.49
2021/instances/2019/C-1-ER_100_100_3.tgf,102,5101,0.490292,1,1,1,102,102,2529,0,1,0,148.099,148.099,35.452,5.95416,5.95416,5.95416
2021/instances/2019/C-1-grd_8034_1_2.tgf,8034,323193,0.00500724,3,571,1,7464,7464,151551,0,1,6.865E-07,1463.73,1463.73,1439.69,26.8299,8.67829E+12,53.6599
2021/instances/2019/C-1-stb_373_251.tgf,373,2491,0.0179042,3,43,1,331,331,892,0,1,0.000000081,9502.4,9502.4,8782.36,66.266,487.127,132.532
2021/instances/2019/C-1-stb_463_93.tgf,463,2077,0.0096889,3,41,1,423,423,792,0,1,2.05E-08,1194240,1194240,1114940,746.638,1158.07,1493.28
2021/instances/2019/C-1-WS_200_28_70_10.tgf,200,2800,0.07,1,1,1,200,200,1394,0,1,0,12749.8,12749.8,9103.38,95.4116,95.4116,95.4116
2021/instances/2019/C-2-afinput_exp_acyclic_depvary_step6_batch_yyy05.tgf,626,358110,0.913835,3,31,1,596,596,351123,0,1,0,2.51542,2.51542,2.069,1.0171,1.20342,2.03421
2021/instances/2019/C-2-afinput_exp_acyclic_indvary1_step2_batch_yyy07.tgf,1028,1039471,0.983617,3,10,1,1019,1019,1034766,0,1,0,2.72727,2.72727,2.0468,1.01163,1.06346,2.02326
2021/instances/2019/C-2-afinput_exp_cycles_depvary_step3_batch_yyy08.tgf,621,375128,0.972739,3,10,1,612,612,372479,0,1,0,2.5299,2.5299,2.04306,1.01071,1.07295,2.02141
2021/instances/2019/C-2-afinput_exp_cycles_depvary_step4_batch_yyy05.tgf,665,428030,0.967901,3,15,1,651,651,424657,0,1,0,2.83219,2.83219,2.05462,1.01356,1.05447,2.02713
2021/instances/2019/C-2-afinput_exp_cycles_indvary2_step1_batch_yyy01.tgf,834,672442,0.966769,3,12,1,823,823,658585,0,1,0,4.08486,4.08486,2.1881,1.04597,1.1706,2.09194
2021/instances/2019/C-2-stb_304_352.tgf,304,2687,0.0290751,2,7,1,298,298,1389,0,1,0.000000002,55528,55528,47164.9,217.175,332.066,217.175
2021/instances/2019/C-3-afinput_exp_acyclic_depvary_step7_batch_yyy08.tgf,1009,969854,0.95263,3,23,1,987,987,957695,0,1,0,3.3814,3.3814,2.14123,1.0347,1.20179,2.06941
2021/instances/2019/Medium-result-b16.tgf,426,67277,0.370721,2,118,1,309,309,18141,0,1,0,7220.73,7220.73,492.908,15.6989,15.6989,31.3977
2021/instances/2019/Medium-result-b17.tgf,594,126681,0.359037,2,162,1,433,433,35585,0,1,0,36300.1,36300.1,1572.6,28.041,28.041,56.082
2021/instances/2019/Medium-result-b1.tgf,438,77717,0.405105,2,128,1,311,311,0,1,1,0,3990.96,3990.96,225.128,10.6096,10.6096,21.2193
2021/instances/2019/Medium-result-b23.tgf,577,165016,0.495649,2,55,1,523,523,84624,0,1,0,74001.5,74001.5,2149.56,32.7838,32.7838,65.5676
2021/instances/2019/Medium-result-b24.tgf,391,79616,0.520771,2,30,1,362,362,15932,0,1,0,10805.1,10805.1,541.457,16.4538,16.4538,32.9077
2021/instances/2019/Medium-result-b25.tgf,519,137880,0.511878,2,46,1,474,474,25780,0,1,0,38721.5,38721.5,1273.86,25.2375,25.2375,50.4749
2021/instances/2019/Medium-result-b2.tgf,558,129848,0.41703,2,173,1,386,386,0,1,1,0,7249.26,7249.26,277.343,11.7759,11.7759,23.5518
2021/instances/2019/n224p5q2_ve.tgf,224,15208,0.303093,1,1,1,224,224,8588,0,1,0,5769.72,5769.72,1379.9,37.147,37.147,37.147
2021/instances/2019/n256p3q08n.tgf,256,10695,0.163193,1,1,1,256,256,7300,0,1,0,25467.1,25467.1,10726.7,103.57,103.57,103.57
2021/instances/2019/n256p5q2_e.tgf,256,19522,0.297882,1,1,1,256,256,11003,0,1,0,10860.5,10860.5,2408.45,49.0759,49.0759,49.0759
2021/instances/2019/n320p5q2_n.tgf,320,30406,0.296934,1,1,1,320,320,16785,0,1,0,32753.8,32753.8,6109.48,78.1632,78.1632,78.1632
2021/instances/2019/Small-result-b28.tgf,383,32768,0.223384,1,128,1,256,256,0,1,2,0,2545.46,2545.46,256,16,16,16
2021/instances/2019/T-2-afinput_exp_acyclic_depvary_step5_batch_yyy03.tgf,374,125742,0.898953,3,17,1,358,358,117624,0,1,0,3.35244,3.35244,2.20899,1.05095,1.27478,2.1019
2021/instances/2019/T-2-afinput_exp_cycles_depvary_step4_batch_yyy02.tgf,499,239798,0.96304,3,11,1,489,489,234877,0,1,0,2.68843,2.68843,2.07127,1.01766,1.11334,2.03532
2021/instances/2019/T-2-afinput_exp_cycles_depvary_step4_batch_yyy03.tgf,457,198259,0.949293,3,19,1,439,439,196471,0,1,0,2.40448,2.40448,2.02846,1.00709,1.04365,2.01418
2021/instances/2019/T-2-afinput_exp_cycles_indvary1_step1_batch_yyy07.tgf,357,121284,0.951628,3,7,1,351,351,118698,0,1,0,3.93127,3.93127,2.24308,1.05903,1.20568,2.11806
2021/instances/2019/T-2-afinput_exp_cycles_indvary3_step1_batch_yyy04.tgf,522,231830,0.850802,3,27,1,496,496,201068,0,1,0,5.69027,5.69027,2.74178,1.17085,2.01892,2.3417
2021/instances/2019/T-2-grd_3434_3_2.tgf,3434,176823,0.0149947,3,306,1,3129,3129,77505,0,1,0.000000805,5.29108,5.29108,5.25246,1.62056,196374000,3.24113
2021/instances/2019/T-2-stb_265_466.tgf,265,3352,0.0477323,2,8,1,258,258,1495,0,1,0.000000002,9836.34,9836.34,7829.58,88.4849,199.12,88.4849
2021/instances/2019/T-2-stb_339_81.tgf,339,3692,0.0321264,2,34,1,306,306,1764,0,1,0.000000072,1223.05,1223.05,1079,32.8482,347.482,32.8482
2021/instances/2019/T-3-afinput_exp_acyclic_depvary_step6_batch_yyy04.tgf,574,310341,0.941923,3,17,1,558,558,306847,0,1,0,2.62442,2.62442,2.08216,1.02033,1.19688,2.04067
2021/instances/2019/T-3-afinput_exp_acyclic_indvary1_step2_batch_yyy09.tgf,812,644253,0.977112,3,9,1,804,804,629030,0,1,0,2.6911,2.6911,2.05917,1.01469,1.09947,2.02937
2021/instances/2019/T-3-afinput_exp_cycles_depvary_step3_batch_yyy08.tgf,621,375128,0.972739,3,10,1,612,612,372479,0,1,0,2.5299,2.5299,2.04306,1.01071,1.07295,2.02141
2021/instances/2019/T-3-afinput_exp_cycles_depvary_step4_batch_yyy04.tgf,642,399617,0.969558,3,12,1,631,631,395769,0,1,0,2.36484,2.36484,2.03335,1.0083,1.08849,2.01661
2021/instances/2019/T-3-afinput_exp_cycles_depvary_step4_batch_yyy05.tgf,665,428030,0.967901,3,15,1,651,651,424657,0,1,0,2.83219,2.83219,2.05462,1.01356,1.05447,2.02713
2021/instances/2019/T-3-afinput_exp_cycles_indvary1_step1_batch_yyy02.tgf,577,321302,0.965077,3,9,1,569,569,318030,0,1,0,4.54765,4.54765,2.21489,1.05235,1.13609,2.1047
2021/instances/2019/T-3-afinput_exp_cycles_indvary1_step1_batch_yyy03.tgf,475,218439,0.968151,3,6,1,470,470,126884,0,1,0,5.45582,5.45582,2.29863,1.07206,1.15545,2.14412
2021/instances/2019/T-3-afinput_exp_cycles_indvary1_step2_batch_yyy01.tgf,619,373513,0.97482,3,10,1,610,610,370694,0,1,0,2.63349,2.63349,2.04945,1.01229,1.06977,2.02458
2021/instances/2019/T-3-afinput_exp_cycles_indvary1_step3_batch_yyy02.tgf,556,299028,0.967302,3,10,1,547,547,297687,0,1,0,2.4473,2.4473,2.03957,1.00984,1.07936,2.01969
2021/instances/2019/T-3-afinput_exp_cycles_indvary2_step1_batch_yyy03.tgf,639,395445,0.968466,3,16,1,624,624,389504,0,1,0,2.17226,2.17226,2.00987,1.00246,1.03123,2.00493
2021/instances/2019/T-3-afinput_exp_cycles_indvary2_step1_batch_yyy04.tgf,691,456389,0.955827,3,18,1,674,674,434909,0,1,0,2.60992,2.60992,2.06931,1.01718,1.15884,2.03436
2021/instances/2019/T-3-afinput_exp_cycles_indvary2_step1_batch_yyy10.tgf,691,449360,0.941105,3,23,1,669,669,437265,0,1,0,2.62129,2.62129,2.0679,1.01683,1.1463,2.03367
2021/instances/2019/T-3-grd_8034_1_2.tgf,8034,323193,0.00500724,3,571,1,7464,7464,151551,0,1,6.865E-07,1463.73,1463.73,1439.69,26.8299,8.67829E+12,53.6599
2021/instances/2019/T-4-afinput_exp_acyclic_depvary_step7_batch_yyy08.tgf,1009,969854,0.95263,3,23,1,987,987,957695,0,1,0,3.3814,3.3814,2.14123,1.0347,1.20179,2.06941
2021/instances/2019/T-4-afinput_exp_acyclic_depvary_step8_batch_yyy09.tgf,971,893586,0.947759,3,31,1,941,941,880521,0,1,0,2.47958,2.47958,2.05103,1.01268,1.15725,2.02535
2021/instances/2019/T-4-afinput_exp_acyclic_indvary1_step2_batch_yyy07.tgf,1028,1039471,0.983617,3,10,1,1019,1019,1034766,0,1,0,2.72727,2.72727,2.0468,1.01163,1.06346,2.02326
2021/instances/2019/T-4-grd_6756_4_7.tgf,6756,913586,0.0200157,3,201,1,6556,6556,457485,0,1,0.000000359,17.5143,17.5143,17.136,2.92711,8.77085E+11,5.85423
2021/instances/2019/T-4-grd_8020_3_4.tgf,8020,963669,0.0149823,3,1151,1,6870,6870,361587,0,1,1.97675E-05,2,2.00002,2.00002,1.00002,1.94357E+12,2.00002
